create table products (
    upc serial,
    size varchar,
    cost float,
    primary key (upc)
);
create table product_names (
    name  varchar primary key
);
INSERT INTO product_names values('Pepsi');
INSERT INTO product_names values('Coke');
INSERT INTO product_names values('WholeGrains');
INSERT INTO product_names values('Wheat');
INSERT INTO product_names values('Colgate');
INSERT INTO product_names values('NestleMilk');
INSERT INTO product_names values('DanoneMilk');
INSERT INTO product_names values('Sneakers');
INSERT INTO product_names values('Mars');
INSERT INTO product_names values('MilkyWay');
INSERT INTO product_names values('Fanta');
INSERT INTO product_names values('Sprite');
INSERT INTO product_names values('DrPepper');
INSERT INTO product_names values('WhiteBread');
INSERT INTO product_names values('ABCD');
INSERT INTO product_names values('PaneraBread');
INSERT INTO product_names values('PeterMilky');
INSERT INTO product_names values('KitKat');
INSERT INTO product_names values('Kazakhstan');
INSERT INTO product_names values('AdalMilks');
INSERT INTO product_names values('Dempsters');
INSERT INTO product_names values('GreateHarvest');

create table products2(
    upc serial,
    name varchar,
    foreign key (upc) references products (upc),
    foreign key (name) references product_names(name)
);


create table products_product_type (
    name varchar,
    p_type varchar,
    foreign key (name) references product_names(name),
    foreign key (p_type) references product_type(prod_type)
);

INSERT INTO products_product_type values('Pepsi', 'soda');
INSERT INTO products_product_type values('Coke','soda');
INSERT INTO products_product_type values('WholeGrains', 'bread');
INSERT INTO products_product_type values('Wheat', 'bread');
INSERT INTO products_product_type values('Colgate', 'hygiene');
INSERT INTO products_product_type values('NestleMilk', 'milk');
INSERT INTO products_product_type values('DanoneMilk','milk');
INSERT INTO products_product_type values('Sneakers', 'chocolate');
INSERT INTO products_product_type values('Mars', 'chocolate');
INSERT INTO products_product_type values('MilkyWay', 'chocolate');
INSERT INTO products_product_type values('Fanta','soda');
INSERT INTO products_product_type values('Sprite','soda');
INSERT INTO products_product_type values('DrPepper','soda');
INSERT INTO products_product_type values('WhiteBread', 'bread');
INSERT INTO products_product_type values('ABCD', 'bread');
INSERT INTO products_product_type values('PaneraBread', 'bread');
INSERT INTO products_product_type values('PeterMilky','milk');
INSERT INTO products_product_type values('KitKat', 'chocolate');
INSERT INTO products_product_type values('Kazakhstan', 'chocolate');
INSERT INTO products_product_type values('AdalMilks','milk');
INSERT INTO products_product_type values('Dempsters', 'bread');
INSERT INTO products_product_type values('GreateHarvest', 'bread');


-- products, 2

INSERT INTO products(size,cost) values('0.5l', '0.7' );
INSERT INTO products(size,cost) values('0.7l', '0.9');
INSERT INTO products(size,cost) values('0.7l', '0.9');
INSERT INTO products(size,cost) values('1l','1.3');
INSERT INTO products(size,cost) values('0.7l', '0.9');
INSERT INTO products(size,cost) values('1l','1.3');
INSERT INTO products(size,cost) values('1l','1.3');
INSERT INTO products(size,cost) values('0.7l', '0.9');
INSERT INTO products(size,cost) values('1l','1.3');
INSERT INTO products(size,cost) values('0.5l', '0.7' );
INSERT INTO products(size,cost) values('1l','1.3');
INSERT INTO products(size,cost) values('0.7l', '0.9');
INSERT INTO products(size,cost) values('0.7l', '0.9');
INSERT INTO products(size,cost) values('0.5l', '0.7' );
INSERT INTO products(size,cost) values('0.5l', '0.7' );
INSERT INTO products(size,cost) values('0.7l', '0.9');
INSERT INTO products(size,cost) values('0.7l', '0.9');
INSERT INTO products(size,cost) values('1l','1.3');
INSERT INTO products(size,cost) values('0.5l', '0.7' );
INSERT INTO products(size,cost) values('1l','1.3');
INSERT INTO products(size,cost) values('0.7l', '0.9');
INSERT INTO products(size,cost) values('0.5l', '0.7' );
INSERT INTO products(size,cost) values('0.5l', '0.7' );
INSERT INTO products(size,cost) values('1l','1.3');
INSERT INTO products(size,cost) values('0.7l', '0.9');
INSERT INTO products(size,cost) values('1l','1.3');
INSERT INTO products(size,cost) values('1l','1.3');
INSERT INTO products(size,cost) values('0.7l', '0.9');
INSERT INTO products(size,cost) values('0.7l', '0.9');
INSERT INTO products(size,cost) values('1l','1.3');
INSERT INTO products(size,cost) values('0.7l', '0.9');
INSERT INTO products(size,cost) values('0.7l', '0.9');
INSERT INTO products(size,cost) values('1l','1.3');
INSERT INTO products(size,cost) values('0.5l', '0.7' );
INSERT INTO products(size,cost) values('0.7l', '0.9');
INSERT INTO products(size,cost) values('0.7l', '0.9');
INSERT INTO products(size,cost) values('0.7l', '0.9');
INSERT INTO products(size,cost) values('1l','1.3');
INSERT INTO products(size,cost) values('0.5l', '0.7' );
INSERT INTO products(size,cost) values('0.5l', '0.7' );
INSERT INTO products(size,cost) values('1l','1.3');
INSERT INTO products(size,cost) values('0.7l', '0.9');
INSERT INTO products(size,cost) values('1l','1.3');
INSERT INTO products(size,cost) values('0.5l', '0.7' );
INSERT INTO products(size,cost) values('0.7l', '0.9');
INSERT INTO products(size,cost) values('0.5l', '0.7' );
INSERT INTO products(size,cost) values('0.5l', '0.7' );
INSERT INTO products(size,cost) values('0.7l', '0.9');
INSERT INTO products(size,cost) values('1l','1.3');
INSERT INTO products(size,cost) values('0.5l', '0.7' );
INSERT INTO products(size,cost) values('0.5l', '0.7' );
INSERT INTO products(size,cost) values('0.7l', '0.9');
INSERT INTO products(size,cost) values('0.7l', '0.9');
INSERT INTO products(size,cost) values('0.7l', '0.9');
INSERT INTO products(size,cost) values('0.7l', '0.9');
INSERT INTO products(size,cost) values('1l','1.3');
INSERT INTO products(size,cost) values('1l','1.3');
INSERT INTO products(size,cost) values('0.5l', '0.7' );
INSERT INTO products(size,cost) values('1l','1.3');
INSERT INTO products(size,cost) values('0.7l', '0.9');
INSERT INTO products(size,cost) values('1l','1.3');
INSERT INTO products(size,cost) values('0.7l', '0.9');
INSERT INTO products(size,cost) values('1l','1.3');
INSERT INTO products(size,cost) values('1l','1.3');
INSERT INTO products(size,cost) values('0.5l', '0.7' );
INSERT INTO products(size,cost) values('1l','1.3');
INSERT INTO products(size,cost) values('0.7l', '0.9');
INSERT INTO products(size,cost) values('0.5l', '0.7' );
INSERT INTO products(size,cost) values('0.5l', '0.7' );
INSERT INTO products(size,cost) values('0.7l', '0.9');
INSERT INTO products(size,cost) values('0.5l', '0.7' );
INSERT INTO products(size,cost) values('0.7l', '0.9');
INSERT INTO products(size,cost) values('0.5l', '0.7' );
INSERT INTO products(size,cost) values('1l','1.3');
INSERT INTO products(size,cost) values('0.7l', '0.9');
INSERT INTO products(size,cost) values('0.5l', '0.7' );
INSERT INTO products(size,cost) values('0.7l', '0.9');
INSERT INTO products(size,cost) values('0.5l', '0.7' );
INSERT INTO products(size,cost) values('0.5l', '0.7' );
INSERT INTO products(size,cost) values('0.7l', '0.9');
INSERT INTO products(size,cost) values('0.7l', '0.9');
INSERT INTO products(size,cost) values('0.7l', '0.9');
INSERT INTO products(size,cost) values('1l','1.3');
INSERT INTO products(size,cost) values('0.5l', '0.7' );
INSERT INTO products(size,cost) values('1l','1.3');
INSERT INTO products(size,cost) values('0.7l', '0.9');
INSERT INTO products(size,cost) values('1l','1.3');
INSERT INTO products(size,cost) values('0.7l', '0.9');
INSERT INTO products(size,cost) values('1l','1.3');
INSERT INTO products(size,cost) values('0.7l', '0.9');
INSERT INTO products(size,cost) values('1l','1.3');
INSERT INTO products(size,cost) values('1l','1.3');
INSERT INTO products(size,cost) values('0.7l', '0.9');
INSERT INTO products(size,cost) values('0.7l', '0.9');
INSERT INTO products(size,cost) values('1l','1.3');
INSERT INTO products(size,cost) values('0.7l', '0.9');
INSERT INTO products(size,cost) values('0.5l', '0.7' );
INSERT INTO products(size,cost) values('0.7l', '0.9');
INSERT INTO products(size,cost) values('0.5l', '0.7' );
INSERT INTO products(size,cost) values('1l','1.3');
-- soda
INSERT INTO products2 values(1,'DrPepper');
INSERT INTO products2 values(2,'Coke');
INSERT INTO products2 values(3,'Coke');
INSERT INTO products2 values(4,'DrPepper');
INSERT INTO products2 values(5,'Coke');
INSERT INTO products2 values(6,'Pepsi');
INSERT INTO products2 values(7,'Coke');
INSERT INTO products2 values(8,'DrPepper');
INSERT INTO products2 values(9,'Sprite');
INSERT INTO products2 values(10,'Sprite');
INSERT INTO products2 values(11,'Fanta');
INSERT INTO products2 values(12,'Coke');
INSERT INTO products2 values(13,'Coke');
INSERT INTO products2 values(14,'Fanta');
INSERT INTO products2 values(15,'Fanta');
INSERT INTO products2 values(16,'DrPepper');
INSERT INTO products2 values(17,'Coke');
INSERT INTO products2 values(18,'Sprite');
INSERT INTO products2 values(19,'DrPepper');
INSERT INTO products2 values(20,'Pepsi');
INSERT INTO products2 values(21,'Fanta');
INSERT INTO products2 values(22,'Coke');
INSERT INTO products2 values(23,'DrPepper');
INSERT INTO products2 values(24,'Fanta');
INSERT INTO products2 values(25,'Pepsi');
INSERT INTO products2 values(26,'Sprite');
INSERT INTO products2 values(27,'Coke');
INSERT INTO products2 values(28,'Sprite');
INSERT INTO products2 values(29,'Sprite');
INSERT INTO products2 values(30,'Sprite');
INSERT INTO products2 values(31,'Pepsi');
INSERT INTO products2 values(32,'Sprite');
INSERT INTO products2 values(33,'Pepsi');
INSERT INTO products2 values(34,'DrPepper');
INSERT INTO products2 values(35,'Sprite');
INSERT INTO products2 values(36,'DrPepper');
INSERT INTO products2 values(37,'Sprite');
INSERT INTO products2 values(38,'Coke');
INSERT INTO products2 values(39,'DrPepper');
INSERT INTO products2 values(40,'Fanta');
INSERT INTO products2 values(41,'Sprite');
INSERT INTO products2 values(42,'Coke');
INSERT INTO products2 values(43,'DrPepper');
INSERT INTO products2 values(44,'Fanta');
INSERT INTO products2 values(45,'DrPepper');
INSERT INTO products2 values(46,'Pepsi');
INSERT INTO products2 values(47,'Sprite');
INSERT INTO products2 values(48,'Fanta');
INSERT INTO products2 values(49,'Sprite');
INSERT INTO products2 values(50,'DrPepper');
INSERT INTO products2 values(51,'DrPepper');
INSERT INTO products2 values(52,'Pepsi');
INSERT INTO products2 values(53,'Sprite');
INSERT INTO products2 values(54,'Fanta');
INSERT INTO products2 values(55,'DrPepper');
INSERT INTO products2 values(56,'DrPepper');
INSERT INTO products2 values(57,'Sprite');
INSERT INTO products2 values(58,'DrPepper');
INSERT INTO products2 values(59,'Pepsi');
INSERT INTO products2 values(60,'Coke');
INSERT INTO products2 values(61,'Sprite');
INSERT INTO products2 values(62,'Pepsi');
INSERT INTO products2 values(63,'Fanta');
INSERT INTO products2 values(64,'Fanta');
INSERT INTO products2 values(65,'DrPepper');
INSERT INTO products2 values(66,'Pepsi');
INSERT INTO products2 values(67,'Sprite');
INSERT INTO products2 values(68,'Sprite');
INSERT INTO products2 values(69,'DrPepper');
INSERT INTO products2 values(70,'DrPepper');
INSERT INTO products2 values(71,'Fanta');
INSERT INTO products2 values(72,'Sprite');
INSERT INTO products2 values(73,'DrPepper');
INSERT INTO products2 values(74,'Fanta');
INSERT INTO products2 values(75,'Fanta');
INSERT INTO products2 values(76,'Pepsi');
INSERT INTO products2 values(77,'Fanta');
INSERT INTO products2 values(78,'Coke');
INSERT INTO products2 values(79,'Coke');
INSERT INTO products2 values(80,'Sprite');
INSERT INTO products2 values(81,'Fanta');
INSERT INTO products2 values(82,'Pepsi');
INSERT INTO products2 values(83,'DrPepper');
INSERT INTO products2 values(84,'DrPepper');
INSERT INTO products2 values(85,'Sprite');
INSERT INTO products2 values(86,'Coke');
INSERT INTO products2 values(87,'Sprite');
INSERT INTO products2 values(88,'Coke');
INSERT INTO products2 values(89,'Coke');
INSERT INTO products2 values(90,'DrPepper');
INSERT INTO products2 values(91,'Pepsi');
INSERT INTO products2 values(92,'Pepsi');
INSERT INTO products2 values(93,'Fanta');
INSERT INTO products2 values(94,'Sprite');
INSERT INTO products2 values(95,'Pepsi');
INSERT INTO products2 values(96,'Pepsi');
INSERT INTO products2 values(97,'Sprite');
INSERT INTO products2 values(98,'Pepsi');
INSERT INTO products2 values(99,'Fanta');
INSERT INTO products2 values(100,'Sprite');

-- Milks

INSERT INTO products(size,cost) values('0.33', '1.2');
INSERT INTO products(size,cost) values('0.5l', '1');
INSERT INTO products(size,cost) values('0.33', '1.2');
INSERT INTO products(size,cost) values('0.33', '1.2');
INSERT INTO products(size,cost) values('0.33', '1.2');
INSERT INTO products(size,cost) values('0.33', '1.2');
INSERT INTO products(size,cost) values('0.33', '1.2');
INSERT INTO products(size,cost) values('0.5l', '1');
INSERT INTO products(size,cost) values('0.5l', '1');
INSERT INTO products(size,cost) values('gallon', '2');
INSERT INTO products(size,cost) values('0.33', '1.2');
INSERT INTO products(size,cost) values('0.5l', '1');
INSERT INTO products(size,cost) values('gallon', '2');
INSERT INTO products(size,cost) values('0.5l', '1');
INSERT INTO products(size,cost) values('gallon', '2');
INSERT INTO products(size,cost) values('0.5l', '1');
INSERT INTO products(size,cost) values('gallon', '2');
INSERT INTO products(size,cost) values('gallon', '2');
INSERT INTO products(size,cost) values('0.33', '1.2');
INSERT INTO products(size,cost) values('1l', '1.5');
INSERT INTO products(size,cost) values('0.33', '1.2');
INSERT INTO products(size,cost) values('0.5l', '1');
INSERT INTO products(size,cost) values('0.5l', '1');
INSERT INTO products(size,cost) values('gallon', '2');
INSERT INTO products(size,cost) values('0.33', '1.2');
INSERT INTO products(size,cost) values('1l', '1.5');
INSERT INTO products(size,cost) values('0.33', '1.2');
INSERT INTO products(size,cost) values('0.5l', '1');
INSERT INTO products(size,cost) values('0.33', '1.2');
INSERT INTO products(size,cost) values('gallon', '2');
INSERT INTO products(size,cost) values('0.33', '1.2');
INSERT INTO products(size,cost) values('0.5l', '1');
INSERT INTO products(size,cost) values('1l', '1.5');
INSERT INTO products(size,cost) values('0.33', '1.2');
INSERT INTO products(size,cost) values('0.33', '1.2');
INSERT INTO products(size,cost) values('0.33', '1.2');
INSERT INTO products(size,cost) values('gallon', '2');
INSERT INTO products(size,cost) values('0.33', '1.2');
INSERT INTO products(size,cost) values('1l', '1.5');
INSERT INTO products(size,cost) values('0.5l', '1');
INSERT INTO products(size,cost) values('gallon', '2');
INSERT INTO products(size,cost) values('1l', '1.5');
INSERT INTO products(size,cost) values('0.33', '1.2');
INSERT INTO products(size,cost) values('1l', '1.5');
INSERT INTO products(size,cost) values('0.5l', '1');
INSERT INTO products(size,cost) values('0.5l', '1');
INSERT INTO products(size,cost) values('gallon', '2');
INSERT INTO products(size,cost) values('0.5l', '1');
INSERT INTO products(size,cost) values('gallon', '2');
INSERT INTO products(size,cost) values('gallon', '2');
INSERT INTO products(size,cost) values('0.33', '1.2');
INSERT INTO products(size,cost) values('gallon', '2');
INSERT INTO products(size,cost) values('0.5l', '1');
INSERT INTO products(size,cost) values('0.5l', '1');
INSERT INTO products(size,cost) values('0.5l', '1');
INSERT INTO products(size,cost) values('0.33', '1.2');
INSERT INTO products(size,cost) values('1l', '1.5');
INSERT INTO products(size,cost) values('1l', '1.5');
INSERT INTO products(size,cost) values('1l', '1.5');
INSERT INTO products(size,cost) values('gallon', '2');
INSERT INTO products(size,cost) values('1l', '1.5');
INSERT INTO products(size,cost) values('1l', '1.5');
INSERT INTO products(size,cost) values('0.33', '1.2');
INSERT INTO products(size,cost) values('1l', '1.5');
INSERT INTO products(size,cost) values('1l', '1.5');
INSERT INTO products(size,cost) values('1l', '1.5');
INSERT INTO products(size,cost) values('gallon', '2');
INSERT INTO products(size,cost) values('1l', '1.5');
INSERT INTO products(size,cost) values('0.5l', '1');
INSERT INTO products(size,cost) values('0.5l', '1');
INSERT INTO products(size,cost) values('1l', '1.5');
INSERT INTO products(size,cost) values('1l', '1.5');
INSERT INTO products(size,cost) values('gallon', '2');
INSERT INTO products(size,cost) values('gallon', '2');
INSERT INTO products(size,cost) values('gallon', '2');
INSERT INTO products(size,cost) values('1l', '1.5');
INSERT INTO products(size,cost) values('1l', '1.5');
INSERT INTO products(size,cost) values('0.33', '1.2');
INSERT INTO products(size,cost) values('0.5l', '1');
INSERT INTO products(size,cost) values('0.5l', '1');
INSERT INTO products(size,cost) values('1l', '1.5');
INSERT INTO products(size,cost) values('0.5l', '1');
INSERT INTO products(size,cost) values('0.5l', '1');
INSERT INTO products(size,cost) values('1l', '1.5');
INSERT INTO products(size,cost) values('gallon', '2');
INSERT INTO products(size,cost) values('gallon', '2');
INSERT INTO products(size,cost) values('gallon', '2');
INSERT INTO products(size,cost) values('0.5l', '1');
INSERT INTO products(size,cost) values('0.33', '1.2');
INSERT INTO products(size,cost) values('1l', '1.5');
INSERT INTO products(size,cost) values('0.5l', '1');
INSERT INTO products(size,cost) values('0.5l', '1');
INSERT INTO products(size,cost) values('1l', '1.5');
INSERT INTO products(size,cost) values('0.5l', '1');
INSERT INTO products(size,cost) values('gallon', '2');
INSERT INTO products(size,cost) values('1l', '1.5');
INSERT INTO products(size,cost) values('1l', '1.5');
INSERT INTO products(size,cost) values('0.5l', '1');
INSERT INTO products(size,cost) values('0.5l', '1');
INSERT INTO products(size,cost) values('1l', '1.5');
--
INSERT INTO products2 values(101,'NestleMilk');
INSERT INTO products2 values(102,'AdalMilks');
INSERT INTO products2 values(103,'AdalMilks');
INSERT INTO products2 values(104,'DanoneMilk');
INSERT INTO products2 values(105,'PeterMilky');
INSERT INTO products2 values(106,'PeterMilky');
INSERT INTO products2 values(107,'PeterMilky');
INSERT INTO products2 values(108,'NestleMilk');
INSERT INTO products2 values(109,'PeterMilky');
INSERT INTO products2 values(110,'PeterMilky');
INSERT INTO products2 values(111,'NestleMilk');
INSERT INTO products2 values(112,'AdalMilks');
INSERT INTO products2 values(113,'PeterMilky');
INSERT INTO products2 values(114,'NestleMilk');
INSERT INTO products2 values(115,'NestleMilk');
INSERT INTO products2 values(116,'DanoneMilk');
INSERT INTO products2 values(117,'AdalMilks');
INSERT INTO products2 values(118,'AdalMilks');
INSERT INTO products2 values(119,'PeterMilky');
INSERT INTO products2 values(120,'AdalMilks');
INSERT INTO products2 values(121,'NestleMilk');
INSERT INTO products2 values(122,'DanoneMilk');
INSERT INTO products2 values(123,'NestleMilk');
INSERT INTO products2 values(124,'AdalMilks');
INSERT INTO products2 values(125,'AdalMilks');
INSERT INTO products2 values(126,'NestleMilk');
INSERT INTO products2 values(127,'DanoneMilk');
INSERT INTO products2 values(128,'AdalMilks');
INSERT INTO products2 values(129,'PeterMilky');
INSERT INTO products2 values(130,'DanoneMilk');
INSERT INTO products2 values(131,'NestleMilk');
INSERT INTO products2 values(132,'DanoneMilk');
INSERT INTO products2 values(133,'DanoneMilk');
INSERT INTO products2 values(134,'NestleMilk');
INSERT INTO products2 values(135,'DanoneMilk');
INSERT INTO products2 values(136,'DanoneMilk');
INSERT INTO products2 values(137,'PeterMilky');
INSERT INTO products2 values(138,'NestleMilk');
INSERT INTO products2 values(139,'AdalMilks');
INSERT INTO products2 values(140,'NestleMilk');
INSERT INTO products2 values(141,'NestleMilk');
INSERT INTO products2 values(142,'PeterMilky');
INSERT INTO products2 values(143,'NestleMilk');
INSERT INTO products2 values(144,'NestleMilk');
INSERT INTO products2 values(145,'DanoneMilk');
INSERT INTO products2 values(146,'NestleMilk');
INSERT INTO products2 values(147,'AdalMilks');
INSERT INTO products2 values(148,'AdalMilks');
INSERT INTO products2 values(149,'NestleMilk');
INSERT INTO products2 values(150,'PeterMilky');
INSERT INTO products2 values(151,'AdalMilks');
INSERT INTO products2 values(152,'PeterMilky');
INSERT INTO products2 values(153,'PeterMilky');
INSERT INTO products2 values(154,'PeterMilky');
INSERT INTO products2 values(155,'DanoneMilk');
INSERT INTO products2 values(156,'AdalMilks');
INSERT INTO products2 values(157,'DanoneMilk');
INSERT INTO products2 values(158,'NestleMilk');
INSERT INTO products2 values(159,'DanoneMilk');
INSERT INTO products2 values(160,'PeterMilky');
INSERT INTO products2 values(161,'DanoneMilk');
INSERT INTO products2 values(162,'AdalMilks');
INSERT INTO products2 values(163,'DanoneMilk');
INSERT INTO products2 values(164,'PeterMilky');
INSERT INTO products2 values(165,'DanoneMilk');
INSERT INTO products2 values(166,'DanoneMilk');
INSERT INTO products2 values(167,'NestleMilk');
INSERT INTO products2 values(168,'AdalMilks');
INSERT INTO products2 values(169,'PeterMilky');
INSERT INTO products2 values(170,'DanoneMilk');
INSERT INTO products2 values(171,'NestleMilk');
INSERT INTO products2 values(172,'DanoneMilk');
INSERT INTO products2 values(173,'PeterMilky');
INSERT INTO products2 values(174,'AdalMilks');
INSERT INTO products2 values(175,'NestleMilk');
INSERT INTO products2 values(176,'NestleMilk');
INSERT INTO products2 values(177,'DanoneMilk');
INSERT INTO products2 values(178,'PeterMilky');
INSERT INTO products2 values(179,'DanoneMilk');
INSERT INTO products2 values(180,'AdalMilks');
INSERT INTO products2 values(181,'NestleMilk');
INSERT INTO products2 values(182,'PeterMilky');
INSERT INTO products2 values(183,'PeterMilky');
INSERT INTO products2 values(184,'DanoneMilk');
INSERT INTO products2 values(185,'AdalMilks');
INSERT INTO products2 values(186,'PeterMilky');
INSERT INTO products2 values(187,'PeterMilky');
INSERT INTO products2 values(188,'PeterMilky');
INSERT INTO products2 values(189,'DanoneMilk');
INSERT INTO products2 values(190,'DanoneMilk');
INSERT INTO products2 values(191,'PeterMilky');
INSERT INTO products2 values(192,'DanoneMilk');
INSERT INTO products2 values(193,'NestleMilk');
INSERT INTO products2 values(194,'PeterMilky');
INSERT INTO products2 values(195,'DanoneMilk');
INSERT INTO products2 values(196,'PeterMilky');
INSERT INTO products2 values(197,'DanoneMilk');
INSERT INTO products2 values(198,'NestleMilk');
INSERT INTO products2 values(199,'AdalMilks');
INSERT INTO products2 values(200,'PeterMilky');

--

-- choco
INSERT INTO products(size,cost) values('bar', '1.2');
INSERT INTO products(size,cost) values('2pieces','0.7');
INSERT INTO products(size,cost) values('1piece', '0.3');
INSERT INTO products(size,cost) values('bar', '1.2');
INSERT INTO products(size,cost) values('bar', '1.2');
INSERT INTO products(size,cost) values('1piece', '0.3');
INSERT INTO products(size,cost) values('bar', '1.2');
INSERT INTO products(size,cost) values('1piece', '0.3');
INSERT INTO products(size,cost) values('2pieces','0.7');
INSERT INTO products(size,cost) values('1piece', '0.3');
INSERT INTO products(size,cost) values('2pieces','0.7');
INSERT INTO products(size,cost) values('bar', '1.2');
INSERT INTO products(size,cost) values('2pieces','0.7');
INSERT INTO products(size,cost) values('1piece', '0.3');
INSERT INTO products(size,cost) values('2pieces','0.7');
INSERT INTO products(size,cost) values('bar', '1.2');
INSERT INTO products(size,cost) values('2pieces','0.7');
INSERT INTO products(size,cost) values('bar', '1.2');
INSERT INTO products(size,cost) values('1piece', '0.3');
INSERT INTO products(size,cost) values('1piece', '0.3');
INSERT INTO products(size,cost) values('2pieces','0.7');
INSERT INTO products(size,cost) values('1piece', '0.3');
INSERT INTO products(size,cost) values('bar', '1.2');
INSERT INTO products(size,cost) values('bar', '1.2');
INSERT INTO products(size,cost) values('2pieces','0.7');
INSERT INTO products(size,cost) values('bar', '1.2');
INSERT INTO products(size,cost) values('2pieces','0.7');
INSERT INTO products(size,cost) values('2pieces','0.7');
INSERT INTO products(size,cost) values('bar', '1.2');
INSERT INTO products(size,cost) values('bar', '1.2');
INSERT INTO products(size,cost) values('1piece', '0.3');
INSERT INTO products(size,cost) values('2pieces','0.7');
INSERT INTO products(size,cost) values('bar', '1.2');
INSERT INTO products(size,cost) values('1piece', '0.3');
INSERT INTO products(size,cost) values('bar', '1.2');
INSERT INTO products(size,cost) values('2pieces','0.7');
INSERT INTO products(size,cost) values('2pieces','0.7');
INSERT INTO products(size,cost) values('1piece', '0.3');
INSERT INTO products(size,cost) values('2pieces','0.7');
INSERT INTO products(size,cost) values('bar', '1.2');
INSERT INTO products(size,cost) values('bar', '1.2');
INSERT INTO products(size,cost) values('bar', '1.2');
INSERT INTO products(size,cost) values('1piece', '0.3');
INSERT INTO products(size,cost) values('2pieces','0.7');
INSERT INTO products(size,cost) values('2pieces','0.7');
INSERT INTO products(size,cost) values('1piece', '0.3');
INSERT INTO products(size,cost) values('bar', '1.2');
INSERT INTO products(size,cost) values('bar', '1.2');
INSERT INTO products(size,cost) values('1piece', '0.3');
INSERT INTO products(size,cost) values('bar', '1.2');
INSERT INTO products(size,cost) values('bar', '1.2');
INSERT INTO products(size,cost) values('bar', '1.2');
INSERT INTO products(size,cost) values('bar', '1.2');
INSERT INTO products(size,cost) values('bar', '1.2');
INSERT INTO products(size,cost) values('bar', '1.2');
INSERT INTO products(size,cost) values('2pieces','0.7');
INSERT INTO products(size,cost) values('bar', '1.2');
INSERT INTO products(size,cost) values('2pieces','0.7');
INSERT INTO products(size,cost) values('bar', '1.2');
INSERT INTO products(size,cost) values('2pieces','0.7');
INSERT INTO products(size,cost) values('1piece', '0.3');
INSERT INTO products(size,cost) values('bar', '1.2');
INSERT INTO products(size,cost) values('bar', '1.2');
INSERT INTO products(size,cost) values('1piece', '0.3');
INSERT INTO products(size,cost) values('1piece', '0.3');
INSERT INTO products(size,cost) values('2pieces','0.7');
INSERT INTO products(size,cost) values('bar', '1.2');
INSERT INTO products(size,cost) values('2pieces','0.7');
INSERT INTO products(size,cost) values('1piece', '0.3');
INSERT INTO products(size,cost) values('bar', '1.2');
INSERT INTO products(size,cost) values('1piece', '0.3');
INSERT INTO products(size,cost) values('1piece', '0.3');
INSERT INTO products(size,cost) values('2pieces','0.7');
INSERT INTO products(size,cost) values('bar', '1.2');
INSERT INTO products(size,cost) values('1piece', '0.3');
INSERT INTO products(size,cost) values('2pieces','0.7');
INSERT INTO products(size,cost) values('bar', '1.2');
INSERT INTO products(size,cost) values('1piece', '0.3');
INSERT INTO products(size,cost) values('2pieces','0.7');
INSERT INTO products(size,cost) values('bar', '1.2');
INSERT INTO products(size,cost) values('1piece', '0.3');
INSERT INTO products(size,cost) values('1piece', '0.3');
INSERT INTO products(size,cost) values('2pieces','0.7');
INSERT INTO products(size,cost) values('1piece', '0.3');
INSERT INTO products(size,cost) values('1piece', '0.3');
INSERT INTO products(size,cost) values('bar', '1.2');
INSERT INTO products(size,cost) values('1piece', '0.3');
INSERT INTO products(size,cost) values('2pieces','0.7');
INSERT INTO products(size,cost) values('1piece', '0.3');
INSERT INTO products(size,cost) values('1piece', '0.3');
INSERT INTO products(size,cost) values('1piece', '0.3');
INSERT INTO products(size,cost) values('1piece', '0.3');
INSERT INTO products(size,cost) values('bar', '1.2');
INSERT INTO products(size,cost) values('bar', '1.2');
INSERT INTO products(size,cost) values('2pieces','0.7');
INSERT INTO products(size,cost) values('bar', '1.2');
INSERT INTO products(size,cost) values('2pieces','0.7');
INSERT INTO products(size,cost) values('1piece', '0.3');
INSERT INTO products(size,cost) values('1piece', '0.3');
INSERT INTO products(size,cost) values('2pieces','0.7');

--
INSERT INTO products2 values(202,'Mars');
INSERT INTO products2 values(203,'Sneakers');
INSERT INTO products2 values(204,'Sneakers');
INSERT INTO products2 values(205,'MilkyWay');
INSERT INTO products2 values(206,'Mars');
INSERT INTO products2 values(207,'Sneakers');
INSERT INTO products2 values(208,'KitKat');
INSERT INTO products2 values(209,'Kazakhstan');
INSERT INTO products2 values(210,'MilkyWay');
INSERT INTO products2 values(211,'MilkyWay');
INSERT INTO products2 values(212,'MilkyWay');
INSERT INTO products2 values(213,'Mars');
INSERT INTO products2 values(214,'MilkyWay');
INSERT INTO products2 values(215,'Mars');
INSERT INTO products2 values(216,'KitKat');
INSERT INTO products2 values(217,'KitKat');
INSERT INTO products2 values(218,'Kazakhstan');
INSERT INTO products2 values(219,'Kazakhstan');
INSERT INTO products2 values(220,'KitKat');
INSERT INTO products2 values(221,'Kazakhstan');
INSERT INTO products2 values(222,'Sneakers');
INSERT INTO products2 values(223,'Mars');
INSERT INTO products2 values(224,'Kazakhstan');
INSERT INTO products2 values(225,'KitKat');
INSERT INTO products2 values(226,'MilkyWay');
INSERT INTO products2 values(227,'Kazakhstan');
INSERT INTO products2 values(228,'Mars');
INSERT INTO products2 values(229,'MilkyWay');
INSERT INTO products2 values(230,'MilkyWay');
INSERT INTO products2 values(231,'Kazakhstan');
INSERT INTO products2 values(232,'Mars');
INSERT INTO products2 values(233,'Kazakhstan');
INSERT INTO products2 values(234,'KitKat');
INSERT INTO products2 values(235,'Kazakhstan');
INSERT INTO products2 values(236,'Kazakhstan');
INSERT INTO products2 values(237,'KitKat');
INSERT INTO products2 values(238,'Kazakhstan');
INSERT INTO products2 values(239,'Kazakhstan');
INSERT INTO products2 values(240,'Kazakhstan');
INSERT INTO products2 values(241,'Mars');
INSERT INTO products2 values(242,'KitKat');
INSERT INTO products2 values(243,'Mars');
INSERT INTO products2 values(244,'KitKat');
INSERT INTO products2 values(245,'KitKat');
INSERT INTO products2 values(246,'Mars');
INSERT INTO products2 values(247,'MilkyWay');
INSERT INTO products2 values(248,'MilkyWay');
INSERT INTO products2 values(249,'KitKat');
INSERT INTO products2 values(250,'MilkyWay');
INSERT INTO products2 values(251,'MilkyWay');
INSERT INTO products2 values(252,'Mars');
INSERT INTO products2 values(253,'Sneakers');
INSERT INTO products2 values(254,'MilkyWay');
INSERT INTO products2 values(255,'Mars');
INSERT INTO products2 values(256,'Kazakhstan');
INSERT INTO products2 values(257,'KitKat');
INSERT INTO products2 values(258,'MilkyWay');
INSERT INTO products2 values(259,'Sneakers');
INSERT INTO products2 values(260,'Kazakhstan');
INSERT INTO products2 values(261,'Sneakers');
INSERT INTO products2 values(262,'Mars');
INSERT INTO products2 values(263,'MilkyWay');
INSERT INTO products2 values(264,'KitKat');
INSERT INTO products2 values(265,'MilkyWay');
INSERT INTO products2 values(266,'Sneakers');
INSERT INTO products2 values(267,'Sneakers');
INSERT INTO products2 values(268,'KitKat');
INSERT INTO products2 values(269,'Mars');
INSERT INTO products2 values(270,'KitKat');
INSERT INTO products2 values(271,'Mars');
INSERT INTO products2 values(272,'Mars');
INSERT INTO products2 values(273,'Kazakhstan');
INSERT INTO products2 values(274,'Mars');
INSERT INTO products2 values(275,'MilkyWay');
INSERT INTO products2 values(276,'KitKat');
INSERT INTO products2 values(277,'KitKat');
INSERT INTO products2 values(278,'Kazakhstan');
INSERT INTO products2 values(279,'MilkyWay');
INSERT INTO products2 values(280,'Sneakers');
INSERT INTO products2 values(281,'MilkyWay');
INSERT INTO products2 values(282,'KitKat');
INSERT INTO products2 values(283,'Mars');
INSERT INTO products2 values(284,'Kazakhstan');
INSERT INTO products2 values(285,'Mars');
INSERT INTO products2 values(286,'Kazakhstan');
INSERT INTO products2 values(287,'Mars');
INSERT INTO products2 values(288,'KitKat');
INSERT INTO products2 values(289,'MilkyWay');
INSERT INTO products2 values(290,'Sneakers');
INSERT INTO products2 values(291,'Sneakers');
INSERT INTO products2 values(292,'Sneakers');
INSERT INTO products2 values(293,'MilkyWay');
INSERT INTO products2 values(294,'Kazakhstan');
INSERT INTO products2 values(295,'Sneakers');
INSERT INTO products2 values(296,'KitKat');
INSERT INTO products2 values(297,'Sneakers');
INSERT INTO products2 values(298,'KitKat');
INSERT INTO products2 values(299,'KitKat');
INSERT INTO products2 values(300,'KitKat');
INSERT INTO products2 values(201,'Sneakers');

--

-- breads

INSERT INTO products(size,cost) values('100g', '1');
INSERT INTO products(size,cost) values('500g', '1.2');
INSERT INTO products(size,cost) values('100g', '1');
INSERT INTO products(size,cost) values('100g', '1');
INSERT INTO products(size,cost) values('100g', '1');
INSERT INTO products(size,cost) values('10slice', '0.7');
INSERT INTO products(size,cost) values('300g','0.7');
INSERT INTO products(size,cost) values('10slice', '0.7');
INSERT INTO products(size,cost) values('100g', '1');
INSERT INTO products(size,cost) values('100g', '1');
INSERT INTO products(size,cost) values('100g', '1');
INSERT INTO products(size,cost) values('300g','0.7');
INSERT INTO products(size,cost) values('10slice', '0.7');
INSERT INTO products(size,cost) values('10slice', '0.7');
INSERT INTO products(size,cost) values('500g', '1.2');
INSERT INTO products(size,cost) values('10slice', '0.7');
INSERT INTO products(size,cost) values('100g', '1');
INSERT INTO products(size,cost) values('10slice', '0.7');
INSERT INTO products(size,cost) values('300g','0.7');
INSERT INTO products(size,cost) values('10slice', '0.7');
INSERT INTO products(size,cost) values('10slice', '0.7');
INSERT INTO products(size,cost) values('300g','0.7');
INSERT INTO products(size,cost) values('300g','0.7');
INSERT INTO products(size,cost) values('300g','0.7');
INSERT INTO products(size,cost) values('500g', '1.2');
INSERT INTO products(size,cost) values('10slice', '0.7');
INSERT INTO products(size,cost) values('500g', '1.2');
INSERT INTO products(size,cost) values('10slice', '0.7');
INSERT INTO products(size,cost) values('100g', '1');
INSERT INTO products(size,cost) values('10slice', '0.7');
INSERT INTO products(size,cost) values('500g', '1.2');
INSERT INTO products(size,cost) values('100g', '1');
INSERT INTO products(size,cost) values('300g','0.7');
INSERT INTO products(size,cost) values('300g','0.7');
INSERT INTO products(size,cost) values('10slice', '0.7');
INSERT INTO products(size,cost) values('300g','0.7');
INSERT INTO products(size,cost) values('10slice', '0.7');
INSERT INTO products(size,cost) values('300g','0.7');
INSERT INTO products(size,cost) values('300g','0.7');
INSERT INTO products(size,cost) values('10slice', '0.7');
INSERT INTO products(size,cost) values('100g', '1');
INSERT INTO products(size,cost) values('10slice', '0.7');
INSERT INTO products(size,cost) values('500g', '1.2');
INSERT INTO products(size,cost) values('500g', '1.2');
INSERT INTO products(size,cost) values('10slice', '0.7');
INSERT INTO products(size,cost) values('300g','0.7');
INSERT INTO products(size,cost) values('100g', '1');
INSERT INTO products(size,cost) values('100g', '1');
INSERT INTO products(size,cost) values('300g','0.7');
INSERT INTO products(size,cost) values('10slice', '0.7');
INSERT INTO products(size,cost) values('100g', '1');
INSERT INTO products(size,cost) values('10slice', '0.7');
INSERT INTO products(size,cost) values('10slice', '0.7');
INSERT INTO products(size,cost) values('500g', '1.2');
INSERT INTO products(size,cost) values('10slice', '0.7');
INSERT INTO products(size,cost) values('300g','0.7');
INSERT INTO products(size,cost) values('100g', '1');
INSERT INTO products(size,cost) values('100g', '1');
INSERT INTO products(size,cost) values('500g', '1.2');
INSERT INTO products(size,cost) values('300g','0.7');
INSERT INTO products(size,cost) values('10slice', '0.7');
INSERT INTO products(size,cost) values('10slice', '0.7');
INSERT INTO products(size,cost) values('100g', '1');
INSERT INTO products(size,cost) values('500g', '1.2');
INSERT INTO products(size,cost) values('100g', '1');
INSERT INTO products(size,cost) values('300g','0.7');
INSERT INTO products(size,cost) values('100g', '1');
INSERT INTO products(size,cost) values('10slice', '0.7');
INSERT INTO products(size,cost) values('300g','0.7');
INSERT INTO products(size,cost) values('500g', '1.2');
INSERT INTO products(size,cost) values('100g', '1');
INSERT INTO products(size,cost) values('100g', '1');
INSERT INTO products(size,cost) values('10slice', '0.7');
INSERT INTO products(size,cost) values('500g', '1.2');
INSERT INTO products(size,cost) values('100g', '1');
INSERT INTO products(size,cost) values('10slice', '0.7');
INSERT INTO products(size,cost) values('10slice', '0.7');
INSERT INTO products(size,cost) values('300g','0.7');
INSERT INTO products(size,cost) values('300g','0.7');
INSERT INTO products(size,cost) values('500g', '1.2');
INSERT INTO products(size,cost) values('100g', '1');
INSERT INTO products(size,cost) values('10slice', '0.7');
INSERT INTO products(size,cost) values('300g','0.7');
INSERT INTO products(size,cost) values('10slice', '0.7');
INSERT INTO products(size,cost) values('100g', '1');
INSERT INTO products(size,cost) values('500g', '1.2');
INSERT INTO products(size,cost) values('500g', '1.2');
INSERT INTO products(size,cost) values('300g','0.7');
INSERT INTO products(size,cost) values('500g', '1.2');
INSERT INTO products(size,cost) values('100g', '1');
INSERT INTO products(size,cost) values('500g', '1.2');
INSERT INTO products(size,cost) values('10slice', '0.7');
INSERT INTO products(size,cost) values('10slice', '0.7');
INSERT INTO products(size,cost) values('500g', '1.2');
INSERT INTO products(size,cost) values('10slice', '0.7');
INSERT INTO products(size,cost) values('100g', '1');
INSERT INTO products(size,cost) values('10slice', '0.7');
INSERT INTO products(size,cost) values('10slice', '0.7');
INSERT INTO products(size,cost) values('10slice', '0.7');
INSERT INTO products(size,cost) values('100g', '1');
--

INSERT INTO products2 values(301,'Dempsters');
INSERT INTO products2 values(302,'Wheat');
INSERT INTO products2 values(303,'Wheat');
INSERT INTO products2 values(304,'WhiteBread');
INSERT INTO products2 values(305,'WholeGrains');
INSERT INTO products2 values(306,'Dempsters');
INSERT INTO products2 values(307,'GreateHarvest');
INSERT INTO products2 values(308,'Wheat');
INSERT INTO products2 values(309,'ABCD');
INSERT INTO products2 values(310,'GreateHarvest');
INSERT INTO products2 values(311,'WholeGrains');
INSERT INTO products2 values(312,'Dempsters');
INSERT INTO products2 values(313,'Wheat');
INSERT INTO products2 values(314,'PaneraBread');
INSERT INTO products2 values(315,'WhiteBread');
INSERT INTO products2 values(316,'PaneraBread');
INSERT INTO products2 values(317,'Wheat');
INSERT INTO products2 values(318,'WholeGrains');
INSERT INTO products2 values(319,'Dempsters');
INSERT INTO products2 values(320,'PaneraBread');
INSERT INTO products2 values(321,'GreateHarvest');
INSERT INTO products2 values(322,'WhiteBread');
INSERT INTO products2 values(323,'WholeGrains');
INSERT INTO products2 values(324,'PaneraBread');
INSERT INTO products2 values(325,'GreateHarvest');
INSERT INTO products2 values(326,'WholeGrains');
INSERT INTO products2 values(327,'GreateHarvest');
INSERT INTO products2 values(328,'GreateHarvest');
INSERT INTO products2 values(329,'WholeGrains');
INSERT INTO products2 values(330,'WholeGrains');
INSERT INTO products2 values(331,'ABCD');
INSERT INTO products2 values(332,'Dempsters');
INSERT INTO products2 values(333,'WhiteBread');
INSERT INTO products2 values(334,'Dempsters');
INSERT INTO products2 values(335,'PaneraBread');
INSERT INTO products2 values(336,'ABCD');
INSERT INTO products2 values(337,'GreateHarvest');
INSERT INTO products2 values(338,'Wheat');
INSERT INTO products2 values(339,'PaneraBread');
INSERT INTO products2 values(340,'ABCD');
INSERT INTO products2 values(341,'PaneraBread');
INSERT INTO products2 values(342,'ABCD');
INSERT INTO products2 values(343,'WholeGrains');
INSERT INTO products2 values(344,'WholeGrains');
INSERT INTO products2 values(345,'GreateHarvest');
INSERT INTO products2 values(346,'ABCD');
INSERT INTO products2 values(347,'ABCD');
INSERT INTO products2 values(348,'PaneraBread');
INSERT INTO products2 values(349,'PaneraBread');
INSERT INTO products2 values(350,'WholeGrains');
INSERT INTO products2 values(351,'Dempsters');
INSERT INTO products2 values(352,'Dempsters');
INSERT INTO products2 values(353,'WholeGrains');
INSERT INTO products2 values(354,'ABCD');
INSERT INTO products2 values(355,'Wheat');
INSERT INTO products2 values(356,'PaneraBread');
INSERT INTO products2 values(357,'ABCD');
INSERT INTO products2 values(358,'Wheat');
INSERT INTO products2 values(359,'WhiteBread');
INSERT INTO products2 values(360,'WhiteBread');
INSERT INTO products2 values(361,'ABCD');
INSERT INTO products2 values(362,'Wheat');
INSERT INTO products2 values(363,'WholeGrains');
INSERT INTO products2 values(364,'WholeGrains');
INSERT INTO products2 values(365,'ABCD');
INSERT INTO products2 values(366,'GreateHarvest');
INSERT INTO products2 values(367,'Wheat');
INSERT INTO products2 values(368,'WholeGrains');
INSERT INTO products2 values(369,'PaneraBread');
INSERT INTO products2 values(370,'WhiteBread');
INSERT INTO products2 values(371,'GreateHarvest');
INSERT INTO products2 values(372,'Dempsters');
INSERT INTO products2 values(373,'Dempsters');
INSERT INTO products2 values(374,'Dempsters');
INSERT INTO products2 values(375,'PaneraBread');
INSERT INTO products2 values(376,'Dempsters');
INSERT INTO products2 values(377,'GreateHarvest');
INSERT INTO products2 values(378,'WholeGrains');
INSERT INTO products2 values(379,'PaneraBread');
INSERT INTO products2 values(380,'WhiteBread');
INSERT INTO products2 values(381,'GreateHarvest');
INSERT INTO products2 values(382,'PaneraBread');
INSERT INTO products2 values(383,'PaneraBread');
INSERT INTO products2 values(384,'Wheat');
INSERT INTO products2 values(385,'Dempsters');
INSERT INTO products2 values(386,'GreateHarvest');
INSERT INTO products2 values(387,'ABCD');
INSERT INTO products2 values(388,'ABCD');
INSERT INTO products2 values(389,'ABCD');
INSERT INTO products2 values(390,'ABCD');
INSERT INTO products2 values(391,'WhiteBread');
INSERT INTO products2 values(392,'Dempsters');
INSERT INTO products2 values(393,'WhiteBread');
INSERT INTO products2 values(394,'GreateHarvest');
INSERT INTO products2 values(395,'Dempsters');
INSERT INTO products2 values(396,'WholeGrains');
INSERT INTO products2 values(397,'ABCD');
INSERT INTO products2 values(398,'ABCD');
INSERT INTO products2 values(399,'Wheat');
INSERT INTO products2 values(400,'WholeGrains');


--
-- create or replace procedure del_milks()
-- language plpgsql
-- as $$
-- begin
--     delete from products2 where name = 'DanoneMilk' or name = 'NestleMilk' or name =  'AdalMilks'
--     or name = 'PeterMilky';
--     commit;
-- end;$$;
--
-- call del_milks();