
insert into type values ('food');
insert into type values ('health');
insert into product_type values ('chocolate', true);
insert into product_type values ('soda', true);
insert into product_type values ('milk', false);
insert into product_type values ('bread', false);
insert into product_type values ('hygiene', false);

insert into product_type_type values ('soda','food');
insert into product_type_type values ('milk','food');
insert into product_type_type values ('bread','food');
insert into product_type_type values ('chocolate','food');
insert into product_type_type values ('hygiene','health');

-- - --- - - --
INSERT INTO product_names values('Pepsi');
INSERT INTO product_names values('Coke');
INSERT INTO product_names values('WholeGrains');
INSERT INTO product_names values('Wheat');
INSERT INTO product_names values('Colgate');
INSERT INTO product_names values('NestleMilk');
INSERT INTO product_names values('DanoneMilk');
INSERT INTO product_names values('Sneakers');
INSERT INTO product_names values('Mars');
INSERT INTO product_names values('MilkyWay');
INSERT INTO product_names values('Fanta');
INSERT INTO product_names values('Sprite');
INSERT INTO product_names values('DrPepper');
INSERT INTO product_names values('WhiteBread');
INSERT INTO product_names values('ABCD');
INSERT INTO product_names values('PaneraBread');
INSERT INTO product_names values('PeterMilky');
INSERT INTO product_names values('KitKat');
INSERT INTO product_names values('Kazakhstan');
INSERT INTO product_names values('AdalMilks');
INSERT INTO product_names values('Dempsters');
INSERT INTO product_names values('GreateHarvest');

INSERT INTO products_product_type values('Pepsi', 'soda');
INSERT INTO products_product_type values('Coke','soda');
INSERT INTO products_product_type values('WholeGrains', 'bread');
INSERT INTO products_product_type values('Wheat', 'bread');
INSERT INTO products_product_type values('Colgate', 'hygiene');
INSERT INTO products_product_type values('NestleMilk', 'milk');
INSERT INTO products_product_type values('DanoneMilk','milk');
INSERT INTO products_product_type values('Sneakers', 'chocolate');
INSERT INTO products_product_type values('Mars', 'chocolate');
INSERT INTO products_product_type values('MilkyWay', 'chocolate');
INSERT INTO products_product_type values('Fanta','soda');
INSERT INTO products_product_type values('Sprite','soda');
INSERT INTO products_product_type values('DrPepper','soda');
INSERT INTO products_product_type values('WhiteBread', 'bread');
INSERT INTO products_product_type values('ABCD', 'bread');
INSERT INTO products_product_type values('PaneraBread', 'bread');
INSERT INTO products_product_type values('PeterMilky','milk');
INSERT INTO products_product_type values('KitKat', 'chocolate');
INSERT INTO products_product_type values('Kazakhstan', 'chocolate');
INSERT INTO products_product_type values('AdalMilks','milk');
INSERT INTO products_product_type values('Dempsters', 'bread');
INSERT INTO products_product_type values('GreateHarvest', 'bread');


-- products, 2

INSERT INTO products(size,cost) values('0.5l', '0.7' );
INSERT INTO products(size,cost) values('0.7l', '0.9');
INSERT INTO products(size,cost) values('0.7l', '0.9');
INSERT INTO products(size,cost) values('1l','1.3');
INSERT INTO products(size,cost) values('0.7l', '0.9');
INSERT INTO products(size,cost) values('1l','1.3');
INSERT INTO products(size,cost) values('1l','1.3');
INSERT INTO products(size,cost) values('0.7l', '0.9');
INSERT INTO products(size,cost) values('1l','1.3');
INSERT INTO products(size,cost) values('0.5l', '0.7' );
INSERT INTO products(size,cost) values('1l','1.3');
INSERT INTO products(size,cost) values('0.7l', '0.9');
INSERT INTO products(size,cost) values('0.7l', '0.9');
INSERT INTO products(size,cost) values('0.5l', '0.7' );
INSERT INTO products(size,cost) values('0.5l', '0.7' );
INSERT INTO products(size,cost) values('0.7l', '0.9');
INSERT INTO products(size,cost) values('0.7l', '0.9');
INSERT INTO products(size,cost) values('1l','1.3');
INSERT INTO products(size,cost) values('0.5l', '0.7' );
INSERT INTO products(size,cost) values('1l','1.3');
INSERT INTO products(size,cost) values('0.7l', '0.9');
INSERT INTO products(size,cost) values('0.5l', '0.7' );
INSERT INTO products(size,cost) values('0.5l', '0.7' );
INSERT INTO products(size,cost) values('1l','1.3');
INSERT INTO products(size,cost) values('0.7l', '0.9');
INSERT INTO products(size,cost) values('1l','1.3');
INSERT INTO products(size,cost) values('1l','1.3');
INSERT INTO products(size,cost) values('0.7l', '0.9');
INSERT INTO products(size,cost) values('0.7l', '0.9');
INSERT INTO products(size,cost) values('1l','1.3');
INSERT INTO products(size,cost) values('0.7l', '0.9');
INSERT INTO products(size,cost) values('0.7l', '0.9');
INSERT INTO products(size,cost) values('1l','1.3');
INSERT INTO products(size,cost) values('0.5l', '0.7' );
INSERT INTO products(size,cost) values('0.7l', '0.9');
INSERT INTO products(size,cost) values('0.7l', '0.9');
INSERT INTO products(size,cost) values('0.7l', '0.9');
INSERT INTO products(size,cost) values('1l','1.3');
INSERT INTO products(size,cost) values('0.5l', '0.7' );
INSERT INTO products(size,cost) values('0.5l', '0.7' );
INSERT INTO products(size,cost) values('1l','1.3');
INSERT INTO products(size,cost) values('0.7l', '0.9');
INSERT INTO products(size,cost) values('1l','1.3');
INSERT INTO products(size,cost) values('0.5l', '0.7' );
INSERT INTO products(size,cost) values('0.7l', '0.9');
INSERT INTO products(size,cost) values('0.5l', '0.7' );
INSERT INTO products(size,cost) values('0.5l', '0.7' );
INSERT INTO products(size,cost) values('0.7l', '0.9');
INSERT INTO products(size,cost) values('1l','1.3');
INSERT INTO products(size,cost) values('0.5l', '0.7' );
INSERT INTO products(size,cost) values('0.5l', '0.7' );
INSERT INTO products(size,cost) values('0.7l', '0.9');
INSERT INTO products(size,cost) values('0.7l', '0.9');
INSERT INTO products(size,cost) values('0.7l', '0.9');
INSERT INTO products(size,cost) values('0.7l', '0.9');
INSERT INTO products(size,cost) values('1l','1.3');
INSERT INTO products(size,cost) values('1l','1.3');
INSERT INTO products(size,cost) values('0.5l', '0.7' );
INSERT INTO products(size,cost) values('1l','1.3');
INSERT INTO products(size,cost) values('0.7l', '0.9');
INSERT INTO products(size,cost) values('1l','1.3');
INSERT INTO products(size,cost) values('0.7l', '0.9');
INSERT INTO products(size,cost) values('1l','1.3');
INSERT INTO products(size,cost) values('1l','1.3');
INSERT INTO products(size,cost) values('0.5l', '0.7' );
INSERT INTO products(size,cost) values('1l','1.3');
INSERT INTO products(size,cost) values('0.7l', '0.9');
INSERT INTO products(size,cost) values('0.5l', '0.7' );
INSERT INTO products(size,cost) values('0.5l', '0.7' );
INSERT INTO products(size,cost) values('0.7l', '0.9');
INSERT INTO products(size,cost) values('0.5l', '0.7' );
INSERT INTO products(size,cost) values('0.7l', '0.9');
INSERT INTO products(size,cost) values('0.5l', '0.7' );
INSERT INTO products(size,cost) values('1l','1.3');
INSERT INTO products(size,cost) values('0.7l', '0.9');
INSERT INTO products(size,cost) values('0.5l', '0.7' );
INSERT INTO products(size,cost) values('0.7l', '0.9');
INSERT INTO products(size,cost) values('0.5l', '0.7' );
INSERT INTO products(size,cost) values('0.5l', '0.7' );
INSERT INTO products(size,cost) values('0.7l', '0.9');
INSERT INTO products(size,cost) values('0.7l', '0.9');
INSERT INTO products(size,cost) values('0.7l', '0.9');
INSERT INTO products(size,cost) values('1l','1.3');
INSERT INTO products(size,cost) values('0.5l', '0.7' );
INSERT INTO products(size,cost) values('1l','1.3');
INSERT INTO products(size,cost) values('0.7l', '0.9');
INSERT INTO products(size,cost) values('1l','1.3');
INSERT INTO products(size,cost) values('0.7l', '0.9');
INSERT INTO products(size,cost) values('1l','1.3');
INSERT INTO products(size,cost) values('0.7l', '0.9');
INSERT INTO products(size,cost) values('1l','1.3');
INSERT INTO products(size,cost) values('1l','1.3');
INSERT INTO products(size,cost) values('0.7l', '0.9');
INSERT INTO products(size,cost) values('0.7l', '0.9');
INSERT INTO products(size,cost) values('1l','1.3');
INSERT INTO products(size,cost) values('0.7l', '0.9');
INSERT INTO products(size,cost) values('0.5l', '0.7' );
INSERT INTO products(size,cost) values('0.7l', '0.9');
INSERT INTO products(size,cost) values('0.5l', '0.7' );
INSERT INTO products(size,cost) values('1l','1.3');
-- soda
INSERT INTO products2 values(1,'DrPepper');
INSERT INTO products2 values(2,'Coke');
INSERT INTO products2 values(3,'Coke');
INSERT INTO products2 values(4,'DrPepper');
INSERT INTO products2 values(5,'Coke');
INSERT INTO products2 values(6,'Pepsi');
INSERT INTO products2 values(7,'Coke');
INSERT INTO products2 values(8,'DrPepper');
INSERT INTO products2 values(9,'Sprite');
INSERT INTO products2 values(10,'Sprite');
INSERT INTO products2 values(11,'Fanta');
INSERT INTO products2 values(12,'Coke');
INSERT INTO products2 values(13,'Coke');
INSERT INTO products2 values(14,'Fanta');
INSERT INTO products2 values(15,'Fanta');
INSERT INTO products2 values(16,'DrPepper');
INSERT INTO products2 values(17,'Coke');
INSERT INTO products2 values(18,'Sprite');
INSERT INTO products2 values(19,'DrPepper');
INSERT INTO products2 values(20,'Pepsi');
INSERT INTO products2 values(21,'Fanta');
INSERT INTO products2 values(22,'Coke');
INSERT INTO products2 values(23,'DrPepper');
INSERT INTO products2 values(24,'Fanta');
INSERT INTO products2 values(25,'Pepsi');
INSERT INTO products2 values(26,'Sprite');
INSERT INTO products2 values(27,'Coke');
INSERT INTO products2 values(28,'Sprite');
INSERT INTO products2 values(29,'Sprite');
INSERT INTO products2 values(30,'Sprite');
INSERT INTO products2 values(31,'Pepsi');
INSERT INTO products2 values(32,'Sprite');
INSERT INTO products2 values(33,'Pepsi');
INSERT INTO products2 values(34,'DrPepper');
INSERT INTO products2 values(35,'Sprite');
INSERT INTO products2 values(36,'DrPepper');
INSERT INTO products2 values(37,'Sprite');
INSERT INTO products2 values(38,'Coke');
INSERT INTO products2 values(39,'DrPepper');
INSERT INTO products2 values(40,'Fanta');
INSERT INTO products2 values(41,'Sprite');
INSERT INTO products2 values(42,'Coke');
INSERT INTO products2 values(43,'DrPepper');
INSERT INTO products2 values(44,'Fanta');
INSERT INTO products2 values(45,'DrPepper');
INSERT INTO products2 values(46,'Pepsi');
INSERT INTO products2 values(47,'Sprite');
INSERT INTO products2 values(48,'Fanta');
INSERT INTO products2 values(49,'Sprite');
INSERT INTO products2 values(50,'DrPepper');
INSERT INTO products2 values(51,'DrPepper');
INSERT INTO products2 values(52,'Pepsi');
INSERT INTO products2 values(53,'Sprite');
INSERT INTO products2 values(54,'Fanta');
INSERT INTO products2 values(55,'DrPepper');
INSERT INTO products2 values(56,'DrPepper');
INSERT INTO products2 values(57,'Sprite');
INSERT INTO products2 values(58,'DrPepper');
INSERT INTO products2 values(59,'Pepsi');
INSERT INTO products2 values(60,'Coke');
INSERT INTO products2 values(61,'Sprite');
INSERT INTO products2 values(62,'Pepsi');
INSERT INTO products2 values(63,'Fanta');
INSERT INTO products2 values(64,'Fanta');
INSERT INTO products2 values(65,'DrPepper');
INSERT INTO products2 values(66,'Pepsi');
INSERT INTO products2 values(67,'Sprite');
INSERT INTO products2 values(68,'Sprite');
INSERT INTO products2 values(69,'DrPepper');
INSERT INTO products2 values(70,'DrPepper');
INSERT INTO products2 values(71,'Fanta');
INSERT INTO products2 values(72,'Sprite');
INSERT INTO products2 values(73,'DrPepper');
INSERT INTO products2 values(74,'Fanta');
INSERT INTO products2 values(75,'Fanta');
INSERT INTO products2 values(76,'Pepsi');
INSERT INTO products2 values(77,'Fanta');
INSERT INTO products2 values(78,'Coke');
INSERT INTO products2 values(79,'Coke');
INSERT INTO products2 values(80,'Sprite');
INSERT INTO products2 values(81,'Fanta');
INSERT INTO products2 values(82,'Pepsi');
INSERT INTO products2 values(83,'DrPepper');
INSERT INTO products2 values(84,'DrPepper');
INSERT INTO products2 values(85,'Sprite');
INSERT INTO products2 values(86,'Coke');
INSERT INTO products2 values(87,'Sprite');
INSERT INTO products2 values(88,'Coke');
INSERT INTO products2 values(89,'Coke');
INSERT INTO products2 values(90,'DrPepper');
INSERT INTO products2 values(91,'Pepsi');
INSERT INTO products2 values(92,'Pepsi');
INSERT INTO products2 values(93,'Fanta');
INSERT INTO products2 values(94,'Sprite');
INSERT INTO products2 values(95,'Pepsi');
INSERT INTO products2 values(96,'Pepsi');
INSERT INTO products2 values(97,'Sprite');
INSERT INTO products2 values(98,'Pepsi');
INSERT INTO products2 values(99,'Fanta');
INSERT INTO products2 values(100,'Sprite');

-- Milks

INSERT INTO products(size,cost) values('0.33', '1.2');
INSERT INTO products(size,cost) values('0.5l', '1');
INSERT INTO products(size,cost) values('0.33', '1.2');
INSERT INTO products(size,cost) values('0.33', '1.2');
INSERT INTO products(size,cost) values('0.33', '1.2');
INSERT INTO products(size,cost) values('0.33', '1.2');
INSERT INTO products(size,cost) values('0.33', '1.2');
INSERT INTO products(size,cost) values('0.5l', '1');
INSERT INTO products(size,cost) values('0.5l', '1');
INSERT INTO products(size,cost) values('gallon', '2');
INSERT INTO products(size,cost) values('0.33', '1.2');
INSERT INTO products(size,cost) values('0.5l', '1');
INSERT INTO products(size,cost) values('gallon', '2');
INSERT INTO products(size,cost) values('0.5l', '1');
INSERT INTO products(size,cost) values('gallon', '2');
INSERT INTO products(size,cost) values('0.5l', '1');
INSERT INTO products(size,cost) values('gallon', '2');
INSERT INTO products(size,cost) values('gallon', '2');
INSERT INTO products(size,cost) values('0.33', '1.2');
INSERT INTO products(size,cost) values('1l', '1.5');
INSERT INTO products(size,cost) values('0.33', '1.2');
INSERT INTO products(size,cost) values('0.5l', '1');
INSERT INTO products(size,cost) values('0.5l', '1');
INSERT INTO products(size,cost) values('gallon', '2');
INSERT INTO products(size,cost) values('0.33', '1.2');
INSERT INTO products(size,cost) values('1l', '1.5');
INSERT INTO products(size,cost) values('0.33', '1.2');
INSERT INTO products(size,cost) values('0.5l', '1');
INSERT INTO products(size,cost) values('0.33', '1.2');
INSERT INTO products(size,cost) values('gallon', '2');
INSERT INTO products(size,cost) values('0.33', '1.2');
INSERT INTO products(size,cost) values('0.5l', '1');
INSERT INTO products(size,cost) values('1l', '1.5');
INSERT INTO products(size,cost) values('0.33', '1.2');
INSERT INTO products(size,cost) values('0.33', '1.2');
INSERT INTO products(size,cost) values('0.33', '1.2');
INSERT INTO products(size,cost) values('gallon', '2');
INSERT INTO products(size,cost) values('0.33', '1.2');
INSERT INTO products(size,cost) values('1l', '1.5');
INSERT INTO products(size,cost) values('0.5l', '1');
INSERT INTO products(size,cost) values('gallon', '2');
INSERT INTO products(size,cost) values('1l', '1.5');
INSERT INTO products(size,cost) values('0.33', '1.2');
INSERT INTO products(size,cost) values('1l', '1.5');
INSERT INTO products(size,cost) values('0.5l', '1');
INSERT INTO products(size,cost) values('0.5l', '1');
INSERT INTO products(size,cost) values('gallon', '2');
INSERT INTO products(size,cost) values('0.5l', '1');
INSERT INTO products(size,cost) values('gallon', '2');
INSERT INTO products(size,cost) values('gallon', '2');
INSERT INTO products(size,cost) values('0.33', '1.2');
INSERT INTO products(size,cost) values('gallon', '2');
INSERT INTO products(size,cost) values('0.5l', '1');
INSERT INTO products(size,cost) values('0.5l', '1');
INSERT INTO products(size,cost) values('0.5l', '1');
INSERT INTO products(size,cost) values('0.33', '1.2');
INSERT INTO products(size,cost) values('1l', '1.5');
INSERT INTO products(size,cost) values('1l', '1.5');
INSERT INTO products(size,cost) values('1l', '1.5');
INSERT INTO products(size,cost) values('gallon', '2');
INSERT INTO products(size,cost) values('1l', '1.5');
INSERT INTO products(size,cost) values('1l', '1.5');
INSERT INTO products(size,cost) values('0.33', '1.2');
INSERT INTO products(size,cost) values('1l', '1.5');
INSERT INTO products(size,cost) values('1l', '1.5');
INSERT INTO products(size,cost) values('1l', '1.5');
INSERT INTO products(size,cost) values('gallon', '2');
INSERT INTO products(size,cost) values('1l', '1.5');
INSERT INTO products(size,cost) values('0.5l', '1');
INSERT INTO products(size,cost) values('0.5l', '1');
INSERT INTO products(size,cost) values('1l', '1.5');
INSERT INTO products(size,cost) values('1l', '1.5');
INSERT INTO products(size,cost) values('gallon', '2');
INSERT INTO products(size,cost) values('gallon', '2');
INSERT INTO products(size,cost) values('gallon', '2');
INSERT INTO products(size,cost) values('1l', '1.5');
INSERT INTO products(size,cost) values('1l', '1.5');
INSERT INTO products(size,cost) values('0.33', '1.2');
INSERT INTO products(size,cost) values('0.5l', '1');
INSERT INTO products(size,cost) values('0.5l', '1');
INSERT INTO products(size,cost) values('1l', '1.5');
INSERT INTO products(size,cost) values('0.5l', '1');
INSERT INTO products(size,cost) values('0.5l', '1');
INSERT INTO products(size,cost) values('1l', '1.5');
INSERT INTO products(size,cost) values('gallon', '2');
INSERT INTO products(size,cost) values('gallon', '2');
INSERT INTO products(size,cost) values('gallon', '2');
INSERT INTO products(size,cost) values('0.5l', '1');
INSERT INTO products(size,cost) values('0.33', '1.2');
INSERT INTO products(size,cost) values('1l', '1.5');
INSERT INTO products(size,cost) values('0.5l', '1');
INSERT INTO products(size,cost) values('0.5l', '1');
INSERT INTO products(size,cost) values('1l', '1.5');
INSERT INTO products(size,cost) values('0.5l', '1');
INSERT INTO products(size,cost) values('gallon', '2');
INSERT INTO products(size,cost) values('1l', '1.5');
INSERT INTO products(size,cost) values('1l', '1.5');
INSERT INTO products(size,cost) values('0.5l', '1');
INSERT INTO products(size,cost) values('0.5l', '1');
INSERT INTO products(size,cost) values('1l', '1.5');
--
INSERT INTO products2 values(101,'NestleMilk');
INSERT INTO products2 values(102,'AdalMilks');
INSERT INTO products2 values(103,'AdalMilks');
INSERT INTO products2 values(104,'DanoneMilk');
INSERT INTO products2 values(105,'PeterMilky');
INSERT INTO products2 values(106,'PeterMilky');
INSERT INTO products2 values(107,'PeterMilky');
INSERT INTO products2 values(108,'NestleMilk');
INSERT INTO products2 values(109,'PeterMilky');
INSERT INTO products2 values(110,'PeterMilky');
INSERT INTO products2 values(111,'NestleMilk');
INSERT INTO products2 values(112,'AdalMilks');
INSERT INTO products2 values(113,'PeterMilky');
INSERT INTO products2 values(114,'NestleMilk');
INSERT INTO products2 values(115,'NestleMilk');
INSERT INTO products2 values(116,'DanoneMilk');
INSERT INTO products2 values(117,'AdalMilks');
INSERT INTO products2 values(118,'AdalMilks');
INSERT INTO products2 values(119,'PeterMilky');
INSERT INTO products2 values(120,'AdalMilks');
INSERT INTO products2 values(121,'NestleMilk');
INSERT INTO products2 values(122,'DanoneMilk');
INSERT INTO products2 values(123,'NestleMilk');
INSERT INTO products2 values(124,'AdalMilks');
INSERT INTO products2 values(125,'AdalMilks');
INSERT INTO products2 values(126,'NestleMilk');
INSERT INTO products2 values(127,'DanoneMilk');
INSERT INTO products2 values(128,'AdalMilks');
INSERT INTO products2 values(129,'PeterMilky');
INSERT INTO products2 values(130,'DanoneMilk');
INSERT INTO products2 values(131,'NestleMilk');
INSERT INTO products2 values(132,'DanoneMilk');
INSERT INTO products2 values(133,'DanoneMilk');
INSERT INTO products2 values(134,'NestleMilk');
INSERT INTO products2 values(135,'DanoneMilk');
INSERT INTO products2 values(136,'DanoneMilk');
INSERT INTO products2 values(137,'PeterMilky');
INSERT INTO products2 values(138,'NestleMilk');
INSERT INTO products2 values(139,'AdalMilks');
INSERT INTO products2 values(140,'NestleMilk');
INSERT INTO products2 values(141,'NestleMilk');
INSERT INTO products2 values(142,'PeterMilky');
INSERT INTO products2 values(143,'NestleMilk');
INSERT INTO products2 values(144,'NestleMilk');
INSERT INTO products2 values(145,'DanoneMilk');
INSERT INTO products2 values(146,'NestleMilk');
INSERT INTO products2 values(147,'AdalMilks');
INSERT INTO products2 values(148,'AdalMilks');
INSERT INTO products2 values(149,'NestleMilk');
INSERT INTO products2 values(150,'PeterMilky');
INSERT INTO products2 values(151,'AdalMilks');
INSERT INTO products2 values(152,'PeterMilky');
INSERT INTO products2 values(153,'PeterMilky');
INSERT INTO products2 values(154,'PeterMilky');
INSERT INTO products2 values(155,'DanoneMilk');
INSERT INTO products2 values(156,'AdalMilks');
INSERT INTO products2 values(157,'DanoneMilk');
INSERT INTO products2 values(158,'NestleMilk');
INSERT INTO products2 values(159,'DanoneMilk');
INSERT INTO products2 values(160,'PeterMilky');
INSERT INTO products2 values(161,'DanoneMilk');
INSERT INTO products2 values(162,'AdalMilks');
INSERT INTO products2 values(163,'DanoneMilk');
INSERT INTO products2 values(164,'PeterMilky');
INSERT INTO products2 values(165,'DanoneMilk');
INSERT INTO products2 values(166,'DanoneMilk');
INSERT INTO products2 values(167,'NestleMilk');
INSERT INTO products2 values(168,'AdalMilks');
INSERT INTO products2 values(169,'PeterMilky');
INSERT INTO products2 values(170,'DanoneMilk');
INSERT INTO products2 values(171,'NestleMilk');
INSERT INTO products2 values(172,'DanoneMilk');
INSERT INTO products2 values(173,'PeterMilky');
INSERT INTO products2 values(174,'AdalMilks');
INSERT INTO products2 values(175,'NestleMilk');
INSERT INTO products2 values(176,'NestleMilk');
INSERT INTO products2 values(177,'DanoneMilk');
INSERT INTO products2 values(178,'PeterMilky');
INSERT INTO products2 values(179,'DanoneMilk');
INSERT INTO products2 values(180,'AdalMilks');
INSERT INTO products2 values(181,'NestleMilk');
INSERT INTO products2 values(182,'PeterMilky');
INSERT INTO products2 values(183,'PeterMilky');
INSERT INTO products2 values(184,'DanoneMilk');
INSERT INTO products2 values(185,'AdalMilks');
INSERT INTO products2 values(186,'PeterMilky');
INSERT INTO products2 values(187,'PeterMilky');
INSERT INTO products2 values(188,'PeterMilky');
INSERT INTO products2 values(189,'DanoneMilk');
INSERT INTO products2 values(190,'DanoneMilk');
INSERT INTO products2 values(191,'PeterMilky');
INSERT INTO products2 values(192,'DanoneMilk');
INSERT INTO products2 values(193,'NestleMilk');
INSERT INTO products2 values(194,'PeterMilky');
INSERT INTO products2 values(195,'DanoneMilk');
INSERT INTO products2 values(196,'PeterMilky');
INSERT INTO products2 values(197,'DanoneMilk');
INSERT INTO products2 values(198,'NestleMilk');
INSERT INTO products2 values(199,'AdalMilks');
INSERT INTO products2 values(200,'PeterMilky');

--

-- choco
INSERT INTO products(size,cost) values('bar', '1.2');
INSERT INTO products(size,cost) values('2pieces','0.7');
INSERT INTO products(size,cost) values('1piece', '0.3');
INSERT INTO products(size,cost) values('bar', '1.2');
INSERT INTO products(size,cost) values('bar', '1.2');
INSERT INTO products(size,cost) values('1piece', '0.3');
INSERT INTO products(size,cost) values('bar', '1.2');
INSERT INTO products(size,cost) values('1piece', '0.3');
INSERT INTO products(size,cost) values('2pieces','0.7');
INSERT INTO products(size,cost) values('1piece', '0.3');
INSERT INTO products(size,cost) values('2pieces','0.7');
INSERT INTO products(size,cost) values('bar', '1.2');
INSERT INTO products(size,cost) values('2pieces','0.7');
INSERT INTO products(size,cost) values('1piece', '0.3');
INSERT INTO products(size,cost) values('2pieces','0.7');
INSERT INTO products(size,cost) values('bar', '1.2');
INSERT INTO products(size,cost) values('2pieces','0.7');
INSERT INTO products(size,cost) values('bar', '1.2');
INSERT INTO products(size,cost) values('1piece', '0.3');
INSERT INTO products(size,cost) values('1piece', '0.3');
INSERT INTO products(size,cost) values('2pieces','0.7');
INSERT INTO products(size,cost) values('1piece', '0.3');
INSERT INTO products(size,cost) values('bar', '1.2');
INSERT INTO products(size,cost) values('bar', '1.2');
INSERT INTO products(size,cost) values('2pieces','0.7');
INSERT INTO products(size,cost) values('bar', '1.2');
INSERT INTO products(size,cost) values('2pieces','0.7');
INSERT INTO products(size,cost) values('2pieces','0.7');
INSERT INTO products(size,cost) values('bar', '1.2');
INSERT INTO products(size,cost) values('bar', '1.2');
INSERT INTO products(size,cost) values('1piece', '0.3');
INSERT INTO products(size,cost) values('2pieces','0.7');
INSERT INTO products(size,cost) values('bar', '1.2');
INSERT INTO products(size,cost) values('1piece', '0.3');
INSERT INTO products(size,cost) values('bar', '1.2');
INSERT INTO products(size,cost) values('2pieces','0.7');
INSERT INTO products(size,cost) values('2pieces','0.7');
INSERT INTO products(size,cost) values('1piece', '0.3');
INSERT INTO products(size,cost) values('2pieces','0.7');
INSERT INTO products(size,cost) values('bar', '1.2');
INSERT INTO products(size,cost) values('bar', '1.2');
INSERT INTO products(size,cost) values('bar', '1.2');
INSERT INTO products(size,cost) values('1piece', '0.3');
INSERT INTO products(size,cost) values('2pieces','0.7');
INSERT INTO products(size,cost) values('2pieces','0.7');
INSERT INTO products(size,cost) values('1piece', '0.3');
INSERT INTO products(size,cost) values('bar', '1.2');
INSERT INTO products(size,cost) values('bar', '1.2');
INSERT INTO products(size,cost) values('1piece', '0.3');
INSERT INTO products(size,cost) values('bar', '1.2');
INSERT INTO products(size,cost) values('bar', '1.2');
INSERT INTO products(size,cost) values('bar', '1.2');
INSERT INTO products(size,cost) values('bar', '1.2');
INSERT INTO products(size,cost) values('bar', '1.2');
INSERT INTO products(size,cost) values('bar', '1.2');
INSERT INTO products(size,cost) values('2pieces','0.7');
INSERT INTO products(size,cost) values('bar', '1.2');
INSERT INTO products(size,cost) values('2pieces','0.7');
INSERT INTO products(size,cost) values('bar', '1.2');
INSERT INTO products(size,cost) values('2pieces','0.7');
INSERT INTO products(size,cost) values('1piece', '0.3');
INSERT INTO products(size,cost) values('bar', '1.2');
INSERT INTO products(size,cost) values('bar', '1.2');
INSERT INTO products(size,cost) values('1piece', '0.3');
INSERT INTO products(size,cost) values('1piece', '0.3');
INSERT INTO products(size,cost) values('2pieces','0.7');
INSERT INTO products(size,cost) values('bar', '1.2');
INSERT INTO products(size,cost) values('2pieces','0.7');
INSERT INTO products(size,cost) values('1piece', '0.3');
INSERT INTO products(size,cost) values('bar', '1.2');
INSERT INTO products(size,cost) values('1piece', '0.3');
INSERT INTO products(size,cost) values('1piece', '0.3');
INSERT INTO products(size,cost) values('2pieces','0.7');
INSERT INTO products(size,cost) values('bar', '1.2');
INSERT INTO products(size,cost) values('1piece', '0.3');
INSERT INTO products(size,cost) values('2pieces','0.7');
INSERT INTO products(size,cost) values('bar', '1.2');
INSERT INTO products(size,cost) values('1piece', '0.3');
INSERT INTO products(size,cost) values('2pieces','0.7');
INSERT INTO products(size,cost) values('bar', '1.2');
INSERT INTO products(size,cost) values('1piece', '0.3');
INSERT INTO products(size,cost) values('1piece', '0.3');
INSERT INTO products(size,cost) values('2pieces','0.7');
INSERT INTO products(size,cost) values('1piece', '0.3');
INSERT INTO products(size,cost) values('1piece', '0.3');
INSERT INTO products(size,cost) values('bar', '1.2');
INSERT INTO products(size,cost) values('1piece', '0.3');
INSERT INTO products(size,cost) values('2pieces','0.7');
INSERT INTO products(size,cost) values('1piece', '0.3');
INSERT INTO products(size,cost) values('1piece', '0.3');
INSERT INTO products(size,cost) values('1piece', '0.3');
INSERT INTO products(size,cost) values('1piece', '0.3');
INSERT INTO products(size,cost) values('bar', '1.2');
INSERT INTO products(size,cost) values('bar', '1.2');
INSERT INTO products(size,cost) values('2pieces','0.7');
INSERT INTO products(size,cost) values('bar', '1.2');
INSERT INTO products(size,cost) values('2pieces','0.7');
INSERT INTO products(size,cost) values('1piece', '0.3');
INSERT INTO products(size,cost) values('1piece', '0.3');
INSERT INTO products(size,cost) values('2pieces','0.7');

--
INSERT INTO products2 values(202,'Mars');
INSERT INTO products2 values(203,'Sneakers');
INSERT INTO products2 values(204,'Sneakers');
INSERT INTO products2 values(205,'MilkyWay');
INSERT INTO products2 values(206,'Mars');
INSERT INTO products2 values(207,'Sneakers');
INSERT INTO products2 values(208,'KitKat');
INSERT INTO products2 values(209,'Kazakhstan');
INSERT INTO products2 values(210,'MilkyWay');
INSERT INTO products2 values(211,'MilkyWay');
INSERT INTO products2 values(212,'MilkyWay');
INSERT INTO products2 values(213,'Mars');
INSERT INTO products2 values(214,'MilkyWay');
INSERT INTO products2 values(215,'Mars');
INSERT INTO products2 values(216,'KitKat');
INSERT INTO products2 values(217,'KitKat');
INSERT INTO products2 values(218,'Kazakhstan');
INSERT INTO products2 values(219,'Kazakhstan');
INSERT INTO products2 values(220,'KitKat');
INSERT INTO products2 values(221,'Kazakhstan');
INSERT INTO products2 values(222,'Sneakers');
INSERT INTO products2 values(223,'Mars');
INSERT INTO products2 values(224,'Kazakhstan');
INSERT INTO products2 values(225,'KitKat');
INSERT INTO products2 values(226,'MilkyWay');
INSERT INTO products2 values(227,'Kazakhstan');
INSERT INTO products2 values(228,'Mars');
INSERT INTO products2 values(229,'MilkyWay');
INSERT INTO products2 values(230,'MilkyWay');
INSERT INTO products2 values(231,'Kazakhstan');
INSERT INTO products2 values(232,'Mars');
INSERT INTO products2 values(233,'Kazakhstan');
INSERT INTO products2 values(234,'KitKat');
INSERT INTO products2 values(235,'Kazakhstan');
INSERT INTO products2 values(236,'Kazakhstan');
INSERT INTO products2 values(237,'KitKat');
INSERT INTO products2 values(238,'Kazakhstan');
INSERT INTO products2 values(239,'Kazakhstan');
INSERT INTO products2 values(240,'Kazakhstan');
INSERT INTO products2 values(241,'Mars');
INSERT INTO products2 values(242,'KitKat');
INSERT INTO products2 values(243,'Mars');
INSERT INTO products2 values(244,'KitKat');
INSERT INTO products2 values(245,'KitKat');
INSERT INTO products2 values(246,'Mars');
INSERT INTO products2 values(247,'MilkyWay');
INSERT INTO products2 values(248,'MilkyWay');
INSERT INTO products2 values(249,'KitKat');
INSERT INTO products2 values(250,'MilkyWay');
INSERT INTO products2 values(251,'MilkyWay');
INSERT INTO products2 values(252,'Mars');
INSERT INTO products2 values(253,'Sneakers');
INSERT INTO products2 values(254,'MilkyWay');
INSERT INTO products2 values(255,'Mars');
INSERT INTO products2 values(256,'Kazakhstan');
INSERT INTO products2 values(257,'KitKat');
INSERT INTO products2 values(258,'MilkyWay');
INSERT INTO products2 values(259,'Sneakers');
INSERT INTO products2 values(260,'Kazakhstan');
INSERT INTO products2 values(261,'Sneakers');
INSERT INTO products2 values(262,'Mars');
INSERT INTO products2 values(263,'MilkyWay');
INSERT INTO products2 values(264,'KitKat');
INSERT INTO products2 values(265,'MilkyWay');
INSERT INTO products2 values(266,'Sneakers');
INSERT INTO products2 values(267,'Sneakers');
INSERT INTO products2 values(268,'KitKat');
INSERT INTO products2 values(269,'Mars');
INSERT INTO products2 values(270,'KitKat');
INSERT INTO products2 values(271,'Mars');
INSERT INTO products2 values(272,'Mars');
INSERT INTO products2 values(273,'Kazakhstan');
INSERT INTO products2 values(274,'Mars');
INSERT INTO products2 values(275,'MilkyWay');
INSERT INTO products2 values(276,'KitKat');
INSERT INTO products2 values(277,'KitKat');
INSERT INTO products2 values(278,'Kazakhstan');
INSERT INTO products2 values(279,'MilkyWay');
INSERT INTO products2 values(280,'Sneakers');
INSERT INTO products2 values(281,'MilkyWay');
INSERT INTO products2 values(282,'KitKat');
INSERT INTO products2 values(283,'Mars');
INSERT INTO products2 values(284,'Kazakhstan');
INSERT INTO products2 values(285,'Mars');
INSERT INTO products2 values(286,'Kazakhstan');
INSERT INTO products2 values(287,'Mars');
INSERT INTO products2 values(288,'KitKat');
INSERT INTO products2 values(289,'MilkyWay');
INSERT INTO products2 values(290,'Sneakers');
INSERT INTO products2 values(291,'Sneakers');
INSERT INTO products2 values(292,'Sneakers');
INSERT INTO products2 values(293,'MilkyWay');
INSERT INTO products2 values(294,'Kazakhstan');
INSERT INTO products2 values(295,'Sneakers');
INSERT INTO products2 values(296,'KitKat');
INSERT INTO products2 values(297,'Sneakers');
INSERT INTO products2 values(298,'KitKat');
INSERT INTO products2 values(299,'KitKat');
INSERT INTO products2 values(300,'KitKat');
INSERT INTO products2 values(201,'Sneakers');

--

-- breads

INSERT INTO products(size,cost) values('100g', '1');
INSERT INTO products(size,cost) values('500g', '1.2');
INSERT INTO products(size,cost) values('100g', '1');
INSERT INTO products(size,cost) values('100g', '1');
INSERT INTO products(size,cost) values('100g', '1');
INSERT INTO products(size,cost) values('10slice', '0.7');
INSERT INTO products(size,cost) values('300g','0.7');
INSERT INTO products(size,cost) values('10slice', '0.7');
INSERT INTO products(size,cost) values('100g', '1');
INSERT INTO products(size,cost) values('100g', '1');
INSERT INTO products(size,cost) values('100g', '1');
INSERT INTO products(size,cost) values('300g','0.7');
INSERT INTO products(size,cost) values('10slice', '0.7');
INSERT INTO products(size,cost) values('10slice', '0.7');
INSERT INTO products(size,cost) values('500g', '1.2');
INSERT INTO products(size,cost) values('10slice', '0.7');
INSERT INTO products(size,cost) values('100g', '1');
INSERT INTO products(size,cost) values('10slice', '0.7');
INSERT INTO products(size,cost) values('300g','0.7');
INSERT INTO products(size,cost) values('10slice', '0.7');
INSERT INTO products(size,cost) values('10slice', '0.7');
INSERT INTO products(size,cost) values('300g','0.7');
INSERT INTO products(size,cost) values('300g','0.7');
INSERT INTO products(size,cost) values('300g','0.7');
INSERT INTO products(size,cost) values('500g', '1.2');
INSERT INTO products(size,cost) values('10slice', '0.7');
INSERT INTO products(size,cost) values('500g', '1.2');
INSERT INTO products(size,cost) values('10slice', '0.7');
INSERT INTO products(size,cost) values('100g', '1');
INSERT INTO products(size,cost) values('10slice', '0.7');
INSERT INTO products(size,cost) values('500g', '1.2');
INSERT INTO products(size,cost) values('100g', '1');
INSERT INTO products(size,cost) values('300g','0.7');
INSERT INTO products(size,cost) values('300g','0.7');
INSERT INTO products(size,cost) values('10slice', '0.7');
INSERT INTO products(size,cost) values('300g','0.7');
INSERT INTO products(size,cost) values('10slice', '0.7');
INSERT INTO products(size,cost) values('300g','0.7');
INSERT INTO products(size,cost) values('300g','0.7');
INSERT INTO products(size,cost) values('10slice', '0.7');
INSERT INTO products(size,cost) values('100g', '1');
INSERT INTO products(size,cost) values('10slice', '0.7');
INSERT INTO products(size,cost) values('500g', '1.2');
INSERT INTO products(size,cost) values('500g', '1.2');
INSERT INTO products(size,cost) values('10slice', '0.7');
INSERT INTO products(size,cost) values('300g','0.7');
INSERT INTO products(size,cost) values('100g', '1');
INSERT INTO products(size,cost) values('100g', '1');
INSERT INTO products(size,cost) values('300g','0.7');
INSERT INTO products(size,cost) values('10slice', '0.7');
INSERT INTO products(size,cost) values('100g', '1');
INSERT INTO products(size,cost) values('10slice', '0.7');
INSERT INTO products(size,cost) values('10slice', '0.7');
INSERT INTO products(size,cost) values('500g', '1.2');
INSERT INTO products(size,cost) values('10slice', '0.7');
INSERT INTO products(size,cost) values('300g','0.7');
INSERT INTO products(size,cost) values('100g', '1');
INSERT INTO products(size,cost) values('100g', '1');
INSERT INTO products(size,cost) values('500g', '1.2');
INSERT INTO products(size,cost) values('300g','0.7');
INSERT INTO products(size,cost) values('10slice', '0.7');
INSERT INTO products(size,cost) values('10slice', '0.7');
INSERT INTO products(size,cost) values('100g', '1');
INSERT INTO products(size,cost) values('500g', '1.2');
INSERT INTO products(size,cost) values('100g', '1');
INSERT INTO products(size,cost) values('300g','0.7');
INSERT INTO products(size,cost) values('100g', '1');
INSERT INTO products(size,cost) values('10slice', '0.7');
INSERT INTO products(size,cost) values('300g','0.7');
INSERT INTO products(size,cost) values('500g', '1.2');
INSERT INTO products(size,cost) values('100g', '1');
INSERT INTO products(size,cost) values('100g', '1');
INSERT INTO products(size,cost) values('10slice', '0.7');
INSERT INTO products(size,cost) values('500g', '1.2');
INSERT INTO products(size,cost) values('100g', '1');
INSERT INTO products(size,cost) values('10slice', '0.7');
INSERT INTO products(size,cost) values('10slice', '0.7');
INSERT INTO products(size,cost) values('300g','0.7');
INSERT INTO products(size,cost) values('300g','0.7');
INSERT INTO products(size,cost) values('500g', '1.2');
INSERT INTO products(size,cost) values('100g', '1');
INSERT INTO products(size,cost) values('10slice', '0.7');
INSERT INTO products(size,cost) values('300g','0.7');
INSERT INTO products(size,cost) values('10slice', '0.7');
INSERT INTO products(size,cost) values('100g', '1');
INSERT INTO products(size,cost) values('500g', '1.2');
INSERT INTO products(size,cost) values('500g', '1.2');
INSERT INTO products(size,cost) values('300g','0.7');
INSERT INTO products(size,cost) values('500g', '1.2');
INSERT INTO products(size,cost) values('100g', '1');
INSERT INTO products(size,cost) values('500g', '1.2');
INSERT INTO products(size,cost) values('10slice', '0.7');
INSERT INTO products(size,cost) values('10slice', '0.7');
INSERT INTO products(size,cost) values('500g', '1.2');
INSERT INTO products(size,cost) values('10slice', '0.7');
INSERT INTO products(size,cost) values('100g', '1');
INSERT INTO products(size,cost) values('10slice', '0.7');
INSERT INTO products(size,cost) values('10slice', '0.7');
INSERT INTO products(size,cost) values('10slice', '0.7');
INSERT INTO products(size,cost) values('100g', '1');
--

INSERT INTO products2 values(301,'Dempsters');
INSERT INTO products2 values(302,'Wheat');
INSERT INTO products2 values(303,'Wheat');
INSERT INTO products2 values(304,'WhiteBread');
INSERT INTO products2 values(305,'WholeGrains');
INSERT INTO products2 values(306,'Dempsters');
INSERT INTO products2 values(307,'GreateHarvest');
INSERT INTO products2 values(308,'Wheat');
INSERT INTO products2 values(309,'ABCD');
INSERT INTO products2 values(310,'GreateHarvest');
INSERT INTO products2 values(311,'WholeGrains');
INSERT INTO products2 values(312,'Dempsters');
INSERT INTO products2 values(313,'Wheat');
INSERT INTO products2 values(314,'PaneraBread');
INSERT INTO products2 values(315,'WhiteBread');
INSERT INTO products2 values(316,'PaneraBread');
INSERT INTO products2 values(317,'Wheat');
INSERT INTO products2 values(318,'WholeGrains');
INSERT INTO products2 values(319,'Dempsters');
INSERT INTO products2 values(320,'PaneraBread');
INSERT INTO products2 values(321,'GreateHarvest');
INSERT INTO products2 values(322,'WhiteBread');
INSERT INTO products2 values(323,'WholeGrains');
INSERT INTO products2 values(324,'PaneraBread');
INSERT INTO products2 values(325,'GreateHarvest');
INSERT INTO products2 values(326,'WholeGrains');
INSERT INTO products2 values(327,'GreateHarvest');
INSERT INTO products2 values(328,'GreateHarvest');
INSERT INTO products2 values(329,'WholeGrains');
INSERT INTO products2 values(330,'WholeGrains');
INSERT INTO products2 values(331,'ABCD');
INSERT INTO products2 values(332,'Dempsters');
INSERT INTO products2 values(333,'WhiteBread');
INSERT INTO products2 values(334,'Dempsters');
INSERT INTO products2 values(335,'PaneraBread');
INSERT INTO products2 values(336,'ABCD');
INSERT INTO products2 values(337,'GreateHarvest');
INSERT INTO products2 values(338,'Wheat');
INSERT INTO products2 values(339,'PaneraBread');
INSERT INTO products2 values(340,'ABCD');
INSERT INTO products2 values(341,'PaneraBread');
INSERT INTO products2 values(342,'ABCD');
INSERT INTO products2 values(343,'WholeGrains');
INSERT INTO products2 values(344,'WholeGrains');
INSERT INTO products2 values(345,'GreateHarvest');
INSERT INTO products2 values(346,'ABCD');
INSERT INTO products2 values(347,'ABCD');
INSERT INTO products2 values(348,'PaneraBread');
INSERT INTO products2 values(349,'PaneraBread');
INSERT INTO products2 values(350,'WholeGrains');
INSERT INTO products2 values(351,'Dempsters');
INSERT INTO products2 values(352,'Dempsters');
INSERT INTO products2 values(353,'WholeGrains');
INSERT INTO products2 values(354,'ABCD');
INSERT INTO products2 values(355,'Wheat');
INSERT INTO products2 values(356,'PaneraBread');
INSERT INTO products2 values(357,'ABCD');
INSERT INTO products2 values(358,'Wheat');
INSERT INTO products2 values(359,'WhiteBread');
INSERT INTO products2 values(360,'WhiteBread');
INSERT INTO products2 values(361,'ABCD');
INSERT INTO products2 values(362,'Wheat');
INSERT INTO products2 values(363,'WholeGrains');
INSERT INTO products2 values(364,'WholeGrains');
INSERT INTO products2 values(365,'ABCD');
INSERT INTO products2 values(366,'GreateHarvest');
INSERT INTO products2 values(367,'Wheat');
INSERT INTO products2 values(368,'WholeGrains');
INSERT INTO products2 values(369,'PaneraBread');
INSERT INTO products2 values(370,'WhiteBread');
INSERT INTO products2 values(371,'GreateHarvest');
INSERT INTO products2 values(372,'Dempsters');
INSERT INTO products2 values(373,'Dempsters');
INSERT INTO products2 values(374,'Dempsters');
INSERT INTO products2 values(375,'PaneraBread');
INSERT INTO products2 values(376,'Dempsters');
INSERT INTO products2 values(377,'GreateHarvest');
INSERT INTO products2 values(378,'WholeGrains');
INSERT INTO products2 values(379,'PaneraBread');
INSERT INTO products2 values(380,'WhiteBread');
INSERT INTO products2 values(381,'GreateHarvest');
INSERT INTO products2 values(382,'PaneraBread');
INSERT INTO products2 values(383,'PaneraBread');
INSERT INTO products2 values(384,'Wheat');
INSERT INTO products2 values(385,'Dempsters');
INSERT INTO products2 values(386,'GreateHarvest');
INSERT INTO products2 values(387,'ABCD');
INSERT INTO products2 values(388,'ABCD');
INSERT INTO products2 values(389,'ABCD');
INSERT INTO products2 values(390,'ABCD');
INSERT INTO products2 values(391,'WhiteBread');
INSERT INTO products2 values(392,'Dempsters');
INSERT INTO products2 values(393,'WhiteBread');
INSERT INTO products2 values(394,'GreateHarvest');
INSERT INTO products2 values(395,'Dempsters');
INSERT INTO products2 values(396,'WholeGrains');
INSERT INTO products2 values(397,'ABCD');
INSERT INTO products2 values(398,'ABCD');
INSERT INTO products2 values(399,'Wheat');
INSERT INTO products2 values(400,'WholeGrains');


------------------------
insert into brands values ('Coca-Cola');
insert into brands values ('Breadman');
insert into brands values ('Azioni');
insert into brands values ('Choco');
insert into brands values ('Doctor Co');
insert into brands values ('Danone');
insert into brands values ('Nestle');

insert into brands_products values ('Choco', 'KitKat');
insert into brands_products values ('Choco', 'Kazakhstan');
insert into brands_products values ('Choco', 'MilkyWay');
insert into brands_products values ('Coca-Cola', 'Mars');
insert into brands_products values ('Coca-Cola', 'Sneakers');


insert into brands_products values ('Danone', 'AdalMilks');
insert into brands_products values ('Danone', 'DanoneMilk');
insert into brands_products values ('Nestle', 'NestleMilk');
insert into brands_products values ('Nestle', 'PeterMilky');



insert into brands_products values ('Coca-Cola', 'Coke');
insert into brands_products values ('Coca-Cola', 'Pepsi');
insert into brands_products values ('Coca-Cola', 'Fanta');
insert into brands_products values ('Doctor Co', 'DrPepper');
insert into brands_products values ('Coca-Cola', 'Sprite');

insert into brands_products values ('Breadman', 'PaneraBread');
insert into brands_products values ('Breadman', 'Dempsters');
insert into brands_products values ('Breadman', 'GreateHarvest');
insert into brands_products values ('Breadman', 'WholeGrains');
insert into brands_products values ('Azioni', 'ABCD');
insert into brands_products values ('Azioni', 'Wheat');
insert into brands_products values ('Azioni', 'WhiteBread');


insert into vendors values ('Alico');
insert into vendors values ('CocaColaCo');
insert into vendors values ('DanoneCo');
insert into vendors values ('Grupo_Bimbo');

insert into vendor_brands values ('Alico', 'Coca-Cola');
insert into vendor_brands values ('Alico', 'Choco');
insert into vendor_brands values ('CocaColaCo', 'Coca-Cola');
insert into vendor_brands values ('DanoneCo', 'Breadman');
insert into vendor_brands values ('DanoneCo', 'Danone');
insert into vendor_brands values ('Grupo_Bimbo', 'Azioni');
insert into vendor_brands values ('Grupo_Bimbo', 'Nestle');

insert into  store (location, schedule) values ('WashingtonDC', '10:00-00:00');
insert into  store (location, schedule) values ('LasVegas', '09:00-00:00');
insert into  store (location, schedule) values ('NewYork', '08:00-02:00');
insert into  store (location, schedule) values ('California', '08:00-02:00');
insert into  store (location, schedule) values ('Arizona', '08:00-02:00');
insert into  store (location, schedule) values ('Toronto', '06:00-22:00');

INSERT INTO store_products values(3,48);
INSERT INTO store_products values(2,113);
INSERT INTO store_products values(3,385);
INSERT INTO store_products values(1,218);
INSERT INTO store_products values(3,241);
INSERT INTO store_products values(5,11);
INSERT INTO store_products values(6,233);
INSERT INTO store_products values(1,283);
INSERT INTO store_products values(6,30);
INSERT INTO store_products values(5,400);
INSERT INTO store_products values(1,207);
INSERT INTO store_products values(1,344);
INSERT INTO store_products values(4,379);
INSERT INTO store_products values(6,169);
INSERT INTO store_products values(6,100);
INSERT INTO store_products values(3,36);
INSERT INTO store_products values(4,4);
INSERT INTO store_products values(1,230);
INSERT INTO store_products values(1,201);
INSERT INTO store_products values(2,377);
INSERT INTO store_products values(6,25);
INSERT INTO store_products values(2,392);
INSERT INTO store_products values(3,376);
INSERT INTO store_products values(4,49);
INSERT INTO store_products values(5,358);
INSERT INTO store_products values(5,17);
INSERT INTO store_products values(5,57);
INSERT INTO store_products values(2,390);
INSERT INTO store_products values(4,215);
INSERT INTO store_products values(3,378);
INSERT INTO store_products values(3,295);
INSERT INTO store_products values(2,382);
INSERT INTO store_products values(2,28);
INSERT INTO store_products values(6,331);
INSERT INTO store_products values(5,86);
INSERT INTO store_products values(4,116);
INSERT INTO store_products values(2,37);
INSERT INTO store_products values(1,399);
INSERT INTO store_products values(1,211);
INSERT INTO store_products values(5,164);
INSERT INTO store_products values(3,140);
INSERT INTO store_products values(4,21);
INSERT INTO store_products values(4,202);
INSERT INTO store_products values(2,249);
INSERT INTO store_products values(4,287);
INSERT INTO store_products values(2,139);
INSERT INTO store_products values(4,165);
INSERT INTO store_products values(2,313);
INSERT INTO store_products values(6,40);
INSERT INTO store_products values(4,198);
INSERT INTO store_products values(1,245);
INSERT INTO store_products values(1,220);
INSERT INTO store_products values(3,355);
INSERT INTO store_products values(4,83);
INSERT INTO store_products values(2,183);
INSERT INTO store_products values(3,172);
INSERT INTO store_products values(4,77);
INSERT INTO store_products values(4,339);
INSERT INTO store_products values(1,261);
INSERT INTO store_products values(1,85);
INSERT INTO store_products values(5,26);
INSERT INTO store_products values(4,280);
INSERT INTO store_products values(3,5);
INSERT INTO store_products values(4,234);
INSERT INTO store_products values(4,66);
INSERT INTO store_products values(6,97);
INSERT INTO store_products values(1,10);
INSERT INTO store_products values(4,381);
INSERT INTO store_products values(1,187);
INSERT INTO store_products values(2,374);
INSERT INTO store_products values(6,267);
INSERT INTO store_products values(1,195);
INSERT INTO store_products values(1,365);
INSERT INTO store_products values(4,342);
INSERT INTO store_products values(1,366);
INSERT INTO store_products values(1,148);
INSERT INTO store_products values(5,53);
INSERT INTO store_products values(6,98);
INSERT INTO store_products values(6,227);
INSERT INTO store_products values(6,357);
INSERT INTO store_products values(6,307);
INSERT INTO store_products values(5,103);
INSERT INTO store_products values(3,369);
INSERT INTO store_products values(2,318);
INSERT INTO store_products values(5,119);
INSERT INTO store_products values(6,285);
INSERT INTO store_products values(1,251);
INSERT INTO store_products values(6,281);
INSERT INTO store_products values(3,149);
INSERT INTO store_products values(2,147);
INSERT INTO store_products values(5,223);
INSERT INTO store_products values(2,252);
INSERT INTO store_products values(1,254);
INSERT INTO store_products values(1,106);
INSERT INTO store_products values(3,15);
INSERT INTO store_products values(5,87);
INSERT INTO store_products values(5,91);
INSERT INTO store_products values(1,133);
INSERT INTO store_products values(3,396);
INSERT INTO store_products values(3,388);
INSERT INTO store_products values(4,375);
INSERT INTO store_products values(2,89);
INSERT INTO store_products values(5,167);
INSERT INTO store_products values(6,380);
INSERT INTO store_products values(6,189);
INSERT INTO store_products values(6,337);
INSERT INTO store_products values(6,101);
INSERT INTO store_products values(6,237);
INSERT INTO store_products values(1,327);
INSERT INTO store_products values(3,229);
INSERT INTO store_products values(1,134);
INSERT INTO store_products values(5,141);
INSERT INTO store_products values(6,258);
INSERT INTO store_products values(5,236);
INSERT INTO store_products values(5,111);
INSERT INTO store_products values(2,121);
INSERT INTO store_products values(3,332);
INSERT INTO store_products values(6,222);
INSERT INTO store_products values(3,292);
INSERT INTO store_products values(2,206);
INSERT INTO store_products values(4,262);
INSERT INTO store_products values(2,64);
INSERT INTO store_products values(3,278);
INSERT INTO store_products values(6,52);
INSERT INTO store_products values(4,269);
INSERT INTO store_products values(5,216);
INSERT INTO store_products values(4,279);
INSERT INTO store_products values(2,320);
INSERT INTO store_products values(3,154);
INSERT INTO store_products values(1,6);
INSERT INTO store_products values(4,193);
INSERT INTO store_products values(3,310);
INSERT INTO store_products values(4,225);
INSERT INTO store_products values(6,247);
INSERT INTO store_products values(5,324);
INSERT INTO store_products values(5,112);
INSERT INTO store_products values(4,124);
INSERT INTO store_products values(1,208);
INSERT INTO store_products values(6,315);
INSERT INTO store_products values(6,75);
INSERT INTO store_products values(1,302);
INSERT INTO store_products values(2,263);
INSERT INTO store_products values(6,42);
INSERT INTO store_products values(6,94);
INSERT INTO store_products values(4,226);
INSERT INTO store_products values(3,146);
INSERT INTO store_products values(2,275);
INSERT INTO store_products values(3,19);
INSERT INTO store_products values(4,13);
INSERT INTO store_products values(1,190);
INSERT INTO store_products values(2,317);
INSERT INTO store_products values(4,312);
INSERT INTO store_products values(3,336);
INSERT INTO store_products values(3,264);
INSERT INTO store_products values(4,145);
INSERT INTO store_products values(4,209);
INSERT INTO store_products values(1,284);
INSERT INTO store_products values(6,137);
INSERT INTO store_products values(5,163);
INSERT INTO store_products values(2,361);
INSERT INTO store_products values(6,391);
INSERT INTO store_products values(6,253);
INSERT INTO store_products values(4,12);
INSERT INTO store_products values(5,155);
INSERT INTO store_products values(6,72);
INSERT INTO store_products values(5,63);
INSERT INTO store_products values(5,200);
INSERT INTO store_products values(2,125);
INSERT INTO store_products values(2,58);
INSERT INTO store_products values(6,288);
INSERT INTO store_products values(5,328);
INSERT INTO store_products values(1,92);
INSERT INTO store_products values(3,74);
INSERT INTO store_products values(6,1);
INSERT INTO store_products values(2,256);
INSERT INTO store_products values(5,311);
INSERT INTO store_products values(4,90);
INSERT INTO store_products values(5,235);
INSERT INTO store_products values(5,81);
INSERT INTO store_products values(5,232);
INSERT INTO store_products values(5,393);
INSERT INTO store_products values(2,80);
INSERT INTO store_products values(5,171);
INSERT INTO store_products values(3,162);
INSERT INTO store_products values(1,76);
INSERT INTO store_products values(6,316);
INSERT INTO store_products values(2,212);
INSERT INTO store_products values(4,60);
INSERT INTO store_products values(5,282);
INSERT INTO store_products values(5,128);
INSERT INTO store_products values(5,243);
INSERT INTO store_products values(3,293);
INSERT INTO store_products values(1,255);
INSERT INTO store_products values(6,395);
INSERT INTO store_products values(5,185);
INSERT INTO store_products values(3,272);
INSERT INTO store_products values(5,348);
INSERT INTO store_products values(6,132);
INSERT INTO store_products values(2,394);
INSERT INTO store_products values(2,300);
INSERT INTO store_products values(2,340);
INSERT INTO store_products values(3,244);
INSERT INTO store_products values(1,170);
INSERT INTO store_products values(5,136);
INSERT INTO store_products values(5,161);
INSERT INTO store_products values(4,321);
INSERT INTO store_products values(3,373);
INSERT INTO store_products values(3,359);
INSERT INTO store_products values(2,335);
INSERT INTO store_products values(1,156);
INSERT INTO store_products values(2,123);
INSERT INTO store_products values(5,67);
INSERT INTO store_products values(6,228);
INSERT INTO store_products values(6,107);
INSERT INTO store_products values(5,330);
INSERT INTO store_products values(1,266);
INSERT INTO store_products values(6,296);
INSERT INTO store_products values(2,78);
INSERT INTO store_products values(2,238);
INSERT INTO store_products values(6,88);
INSERT INTO store_products values(3,68);
INSERT INTO store_products values(3,8);
INSERT INTO store_products values(4,159);
INSERT INTO store_products values(2,334);
INSERT INTO store_products values(1,47);
INSERT INTO store_products values(3,319);
INSERT INTO store_products values(4,322);
INSERT INTO store_products values(4,27);
INSERT INTO store_products values(4,144);
INSERT INTO store_products values(3,303);
INSERT INTO store_products values(1,51);
INSERT INTO store_products values(4,114);
INSERT INTO store_products values(1,118);
INSERT INTO store_products values(3,173);
INSERT INTO store_products values(1,277);
INSERT INTO store_products values(2,23);
INSERT INTO store_products values(6,160);
INSERT INTO store_products values(6,199);
INSERT INTO store_products values(1,69);
INSERT INTO store_products values(3,210);
INSERT INTO store_products values(3,59);
INSERT INTO store_products values(2,138);
INSERT INTO store_products values(3,181);
INSERT INTO store_products values(2,372);
INSERT INTO store_products values(3,96);
INSERT INTO store_products values(4,387);
INSERT INTO store_products values(1,323);
INSERT INTO store_products values(4,219);
INSERT INTO store_products values(4,178);
INSERT INTO store_products values(3,364);
INSERT INTO store_products values(6,248);
INSERT INTO store_products values(6,260);
INSERT INTO store_products values(2,152);
INSERT INTO store_products values(4,246);
INSERT INTO store_products values(3,306);
INSERT INTO store_products values(2,356);
INSERT INTO store_products values(2,127);
INSERT INTO store_products values(1,343);
INSERT INTO store_products values(2,360);
INSERT INTO store_products values(3,301);
INSERT INTO store_products values(1,54);
INSERT INTO store_products values(4,84);
INSERT INTO store_products values(5,20);
INSERT INTO store_products values(6,24);
INSERT INTO store_products values(4,197);
INSERT INTO store_products values(2,34);
INSERT INTO store_products values(6,214);
INSERT INTO store_products values(3,265);
INSERT INTO store_products values(2,192);
INSERT INTO store_products values(6,184);
INSERT INTO store_products values(1,130);
INSERT INTO store_products values(1,304);
INSERT INTO store_products values(4,371);
INSERT INTO store_products values(5,179);
INSERT INTO store_products values(1,346);
INSERT INTO store_products values(3,18);
INSERT INTO store_products values(6,368);
INSERT INTO store_products values(4,270);
INSERT INTO store_products values(1,191);
INSERT INTO store_products values(6,180);
INSERT INTO store_products values(3,7);
INSERT INTO store_products values(5,240);
INSERT INTO store_products values(4,108);
INSERT INTO store_products values(2,168);
INSERT INTO store_products values(3,50);
INSERT INTO store_products values(3,3);
INSERT INTO store_products values(1,350);
INSERT INTO store_products values(1,99);
INSERT INTO store_products values(1,150);
INSERT INTO store_products values(6,297);
INSERT INTO store_products values(6,44);
INSERT INTO store_products values(1,286);
INSERT INTO store_products values(5,56);
INSERT INTO store_products values(1,102);
INSERT INTO store_products values(3,383);
INSERT INTO store_products values(3,370);
INSERT INTO store_products values(4,43);
INSERT INTO store_products values(5,131);
INSERT INTO store_products values(5,82);
INSERT INTO store_products values(2,109);
INSERT INTO store_products values(5,14);
INSERT INTO store_products values(2,62);
INSERT INTO store_products values(5,224);
INSERT INTO store_products values(3,122);
INSERT INTO store_products values(2,290);
INSERT INTO store_products values(1,2);
INSERT INTO store_products values(4,273);
INSERT INTO store_products values(4,308);
INSERT INTO store_products values(3,22);
INSERT INTO store_products values(6,135);
INSERT INTO store_products values(1,65);
INSERT INTO store_products values(6,268);
INSERT INTO store_products values(2,276);
INSERT INTO store_products values(6,349);
INSERT INTO store_products values(4,299);
INSERT INTO store_products values(6,294);
INSERT INTO store_products values(3,259);
INSERT INTO store_products values(5,93);
INSERT INTO store_products values(4,70);
INSERT INTO store_products values(5,291);
INSERT INTO store_products values(6,333);
INSERT INTO store_products values(3,176);
INSERT INTO store_products values(4,354);
INSERT INTO store_products values(6,9);
INSERT INTO store_products values(1,194);
INSERT INTO store_products values(1,398);
INSERT INTO store_products values(3,105);
INSERT INTO store_products values(3,389);
INSERT INTO store_products values(4,174);
INSERT INTO store_products values(5,338);
INSERT INTO store_products values(5,61);
INSERT INTO store_products values(2,274);
INSERT INTO store_products values(4,182);
INSERT INTO store_products values(1,151);
INSERT INTO store_products values(4,221);
INSERT INTO store_products values(5,41);
INSERT INTO store_products values(6,104);
INSERT INTO store_products values(2,204);
INSERT INTO store_products values(6,33);
INSERT INTO store_products values(6,143);
INSERT INTO store_products values(4,345);
INSERT INTO store_products values(2,38);
INSERT INTO store_products values(3,188);
INSERT INTO store_products values(1,32);
INSERT INTO store_products values(5,158);
INSERT INTO store_products values(5,129);
INSERT INTO store_products values(2,362);
INSERT INTO store_products values(2,46);
INSERT INTO store_products values(6,71);
INSERT INTO store_products values(4,397);
INSERT INTO store_products values(2,55);
INSERT INTO store_products values(3,242);
INSERT INTO store_products values(5,186);
INSERT INTO store_products values(1,384);
INSERT INTO store_products values(2,166);
INSERT INTO store_products values(4,386);
INSERT INTO store_products values(4,367);
INSERT INTO store_products values(1,363);
INSERT INTO store_products values(6,341);
INSERT INTO store_products values(3,79);
INSERT INTO store_products values(1,157);
INSERT INTO store_products values(5,110);
INSERT INTO store_products values(1,314);
INSERT INTO store_products values(1,271);
INSERT INTO store_products values(3,205);
INSERT INTO store_products values(5,196);
INSERT INTO store_products values(3,73);
INSERT INTO store_products values(6,289);
INSERT INTO store_products values(6,347);
INSERT INTO store_products values(3,217);
INSERT INTO store_products values(2,95);
INSERT INTO store_products values(5,153);
INSERT INTO store_products values(1,126);
INSERT INTO store_products values(6,352);
INSERT INTO store_products values(2,298);
INSERT INTO store_products values(3,45);
INSERT INTO store_products values(6,353);
INSERT INTO store_products values(5,16);
INSERT INTO store_products values(5,239);
INSERT INTO store_products values(4,305);
INSERT INTO store_products values(4,35);
INSERT INTO store_products values(2,351);
INSERT INTO store_products values(1,115);
INSERT INTO store_products values(3,29);
INSERT INTO store_products values(1,309);
INSERT INTO store_products values(6,175);
INSERT INTO store_products values(3,231);
INSERT INTO store_products values(3,257);
INSERT INTO store_products values(3,39);
INSERT INTO store_products values(1,117);
INSERT INTO store_products values(6,329);
INSERT INTO store_products values(3,203);
INSERT INTO store_products values(2,31);
INSERT INTO store_products values(2,142);
INSERT INTO store_products values(1,177);
INSERT INTO store_products values(1,250);
INSERT INTO store_products values(2,325);
INSERT INTO store_products values(3,326);
INSERT INTO store_products values(5,120);
INSERT INTO store_products values(1,213);

insert into orders values (1,0,1);

insert into order_items values (1, 302);
insert into order_items values (1, 5);
insert into order_items values (1, 100);
insert into order_items values (1, 101);

INSERT INTO order_items values(1,236);
INSERT INTO order_items values(1,148);
INSERT INTO order_items values(1,30);
INSERT INTO order_items values(1,26);
INSERT INTO order_items values(1,206);
INSERT INTO order_items values(1,355);
INSERT INTO order_items values(1,127);
INSERT INTO order_items values(1,124);
INSERT INTO order_items values(1,381);
INSERT INTO order_items values(1,226);
INSERT INTO order_items values(1,172);
INSERT INTO order_items values(1,88);
INSERT INTO order_items values(1,129);
INSERT INTO order_items values(1,394);
INSERT INTO order_items values(1,334);
INSERT INTO order_items values(1,332);
INSERT INTO order_items values(1,27);
INSERT INTO order_items values(1,60);
INSERT INTO order_items values(1,179);
INSERT INTO order_items values(1,349);

insert into orders values(2,0,1);
insert into orders values(3,0,1);
insert into orders values(4,0,1);
insert into orders values(5,0,2);
insert into orders values(6,0,2);
insert into orders values(7,0,2);
insert into orders values(8,0,2);
insert into orders values(9,0,2);
insert into orders values(10,0,5);
insert into orders values(11,0,3);
insert into orders values(12,0,3);
insert into orders values(13,0,4);
insert into orders values(14,0,4);
insert into orders values(15,0,4);
insert into orders values(16,0,5);
insert into orders values(17,0,6);




INSERT INTO order_items values(2,322);
INSERT INTO order_items values(2,288);
INSERT INTO order_items values(2,10);
INSERT INTO order_items values(2,297);
INSERT INTO order_items values(2,357);
INSERT INTO order_items values(2,231);
INSERT INTO order_items values(2,48);
INSERT INTO order_items values(2,335);
INSERT INTO order_items values(2,260);
INSERT INTO order_items values(2,398);
INSERT INTO order_items values(2,136);
INSERT INTO order_items values(2,310);
INSERT INTO order_items values(2,224);
INSERT INTO order_items values(2,41);
INSERT INTO order_items values(2,289);
INSERT INTO order_items values(2,259);
INSERT INTO order_items values(2,284);
INSERT INTO order_items values(2,313);
INSERT INTO order_items values(2,230);
INSERT INTO order_items values(2,106);
INSERT INTO order_items values(3,390);
INSERT INTO order_items values(3,213);
INSERT INTO order_items values(3,57);
INSERT INTO order_items values(3,201);
INSERT INTO order_items values(3,340);
INSERT INTO order_items values(3,282);
INSERT INTO order_items values(3,28);
INSERT INTO order_items values(3,292);
INSERT INTO order_items values(3,99);
INSERT INTO order_items values(3,122);
INSERT INTO order_items values(3,265);
INSERT INTO order_items values(3,190);
INSERT INTO order_items values(3,320);
INSERT INTO order_items values(3,130);
INSERT INTO order_items values(3,316);
INSERT INTO order_items values(3,84);
INSERT INTO order_items values(3,189);
INSERT INTO order_items values(3,296);
INSERT INTO order_items values(3,42);
INSERT INTO order_items values(3,233);
INSERT INTO order_items values(3,291);
INSERT INTO order_items values(3,359);
INSERT INTO order_items values(3,114);
INSERT INTO order_items values(3,202);
INSERT INTO order_items values(3,170);
INSERT INTO order_items values(3,207);
INSERT INTO order_items values(3,168);
INSERT INTO order_items values(3,351);
INSERT INTO order_items values(3,105);
INSERT INTO order_items values(3,277);
INSERT INTO order_items values(3,386);
INSERT INTO order_items values(3,117);
INSERT INTO order_items values(3,377);
INSERT INTO order_items values(3,339);
INSERT INTO order_items values(3,176);
INSERT INTO order_items values(3,286);
INSERT INTO order_items values(3,147);
INSERT INTO order_items values(3,389);
INSERT INTO order_items values(3,75);
INSERT INTO order_items values(3,269);
INSERT INTO order_items values(4,388);
INSERT INTO order_items values(4,384);
INSERT INTO order_items values(4,219);
INSERT INTO order_items values(4,253);
INSERT INTO order_items values(4,360);
INSERT INTO order_items values(4,66);
INSERT INTO order_items values(4,188);
INSERT INTO order_items values(4,243);
INSERT INTO order_items values(4,239);
INSERT INTO order_items values(4,139);
INSERT INTO order_items values(4,295);
INSERT INTO order_items values(4,285);
INSERT INTO order_items values(4,217);
INSERT INTO order_items values(4,109);
INSERT INTO order_items values(4,319);
INSERT INTO order_items values(4,311);
INSERT INTO order_items values(4,229);
INSERT INTO order_items values(4,237);
INSERT INTO order_items values(4,154);
INSERT INTO order_items values(4,157);
INSERT INTO order_items values(5,4);
INSERT INTO order_items values(5,341);
INSERT INTO order_items values(5,247);
INSERT INTO order_items values(5,125);
INSERT INTO order_items values(5,249);
INSERT INTO order_items values(5,82);
INSERT INTO order_items values(5,143);
INSERT INTO order_items values(5,167);
INSERT INTO order_items values(5,312);
INSERT INTO order_items values(5,146);
INSERT INTO order_items values(5,338);
INSERT INTO order_items values(5,132);
INSERT INTO order_items values(5,86);
INSERT INTO order_items values(5,67);
INSERT INTO order_items values(5,240);
INSERT INTO order_items values(5,63);
INSERT INTO order_items values(5,375);
INSERT INTO order_items values(5,302);
INSERT INTO order_items values(5,21);
INSERT INTO order_items values(5,251);
INSERT INTO order_items values(6,137);
INSERT INTO order_items values(6,39);
INSERT INTO order_items values(6,272);
INSERT INTO order_items values(6,11);
INSERT INTO order_items values(6,182);
INSERT INTO order_items values(6,300);
INSERT INTO order_items values(6,56);
INSERT INTO order_items values(6,372);
INSERT INTO order_items values(6,228);
INSERT INTO order_items values(6,181);
INSERT INTO order_items values(6,32);
INSERT INTO order_items values(6,301);
INSERT INTO order_items values(6,74);
INSERT INTO order_items values(6,343);
INSERT INTO order_items values(6,245);
INSERT INTO order_items values(6,274);
INSERT INTO order_items values(6,79);
INSERT INTO order_items values(6,256);
INSERT INTO order_items values(6,115);
INSERT INTO order_items values(6,98);
INSERT INTO order_items values(7,90);
INSERT INTO order_items values(7,317);
INSERT INTO order_items values(7,112);
INSERT INTO order_items values(7,321);
INSERT INTO order_items values(7,1);
INSERT INTO order_items values(7,8);
INSERT INTO order_items values(7,346);
INSERT INTO order_items values(7,205);
INSERT INTO order_items values(7,118);
INSERT INTO order_items values(7,328);
INSERT INTO order_items values(7,369);
INSERT INTO order_items values(7,209);
INSERT INTO order_items values(7,149);
INSERT INTO order_items values(7,29);
INSERT INTO order_items values(7,44);
INSERT INTO order_items values(7,370);
INSERT INTO order_items values(7,184);
INSERT INTO order_items values(7,214);
INSERT INTO order_items values(7,37);
INSERT INTO order_items values(7,271);
INSERT INTO order_items values(8,43);
INSERT INTO order_items values(8,50);
INSERT INTO order_items values(8,164);
INSERT INTO order_items values(8,171);
INSERT INTO order_items values(8,163);
INSERT INTO order_items values(8,294);
INSERT INTO order_items values(8,255);
INSERT INTO order_items values(8,192);
INSERT INTO order_items values(8,257);
INSERT INTO order_items values(8,18);
INSERT INTO order_items values(8,110);
INSERT INTO order_items values(8,89);
INSERT INTO order_items values(8,197);
INSERT INTO order_items values(8,134);
INSERT INTO order_items values(8,262);
INSERT INTO order_items values(8,308);
INSERT INTO order_items values(8,121);
INSERT INTO order_items values(8,173);
INSERT INTO order_items values(8,135);
INSERT INTO order_items values(8,145);
INSERT INTO order_items values(9,103);
INSERT INTO order_items values(9,45);
INSERT INTO order_items values(9,141);
INSERT INTO order_items values(9,14);
INSERT INTO order_items values(9,65);
INSERT INTO order_items values(9,186);
INSERT INTO order_items values(9,47);
INSERT INTO order_items values(9,178);
INSERT INTO order_items values(9,104);
INSERT INTO order_items values(9,97);
INSERT INTO order_items values(9,396);
INSERT INTO order_items values(9,215);
INSERT INTO order_items values(9,54);
INSERT INTO order_items values(9,210);
INSERT INTO order_items values(9,361);
INSERT INTO order_items values(9,266);
INSERT INTO order_items values(9,218);
INSERT INTO order_items values(9,223);
INSERT INTO order_items values(9,376);
INSERT INTO order_items values(9,281);
INSERT INTO order_items values(10,158);
INSERT INTO order_items values(10,46);
INSERT INTO order_items values(10,73);
INSERT INTO order_items values(10,212);
INSERT INTO order_items values(10,159);
INSERT INTO order_items values(10,304);
INSERT INTO order_items values(10,7);
INSERT INTO order_items values(10,329);
INSERT INTO order_items values(10,33);
INSERT INTO order_items values(10,162);
INSERT INTO order_items values(10,76);
INSERT INTO order_items values(10,161);
INSERT INTO order_items values(10,16);
INSERT INTO order_items values(10,356);
INSERT INTO order_items values(10,220);
INSERT INTO order_items values(10,142);
INSERT INTO order_items values(10,315);
INSERT INTO order_items values(10,2);
INSERT INTO order_items values(10,385);
INSERT INTO order_items values(10,261);
INSERT INTO order_items values(11,314);
INSERT INTO order_items values(11,365);
INSERT INTO order_items values(11,238);
INSERT INTO order_items values(11,347);
INSERT INTO order_items values(11,232);
INSERT INTO order_items values(11,126);
INSERT INTO order_items values(11,254);
INSERT INTO order_items values(11,31);
INSERT INTO order_items values(11,123);
INSERT INTO order_items values(11,40);
INSERT INTO order_items values(11,216);
INSERT INTO order_items values(11,169);
INSERT INTO order_items values(11,94);
INSERT INTO order_items values(11,287);
INSERT INTO order_items values(11,383);
INSERT INTO order_items values(11,373);
INSERT INTO order_items values(11,299);
INSERT INTO order_items values(11,263);
INSERT INTO order_items values(11,62);
INSERT INTO order_items values(11,344);
INSERT INTO order_items values(12,290);
INSERT INTO order_items values(12,183);
INSERT INTO order_items values(12,350);
INSERT INTO order_items values(12,95);
INSERT INTO order_items values(12,78);
INSERT INTO order_items values(12,393);
INSERT INTO order_items values(12,3);
INSERT INTO order_items values(12,160);
INSERT INTO order_items values(12,193);
INSERT INTO order_items values(12,59);
INSERT INTO order_items values(12,276);
INSERT INTO order_items values(12,116);
INSERT INTO order_items values(12,211);
INSERT INTO order_items values(12,128);
INSERT INTO order_items values(12,306);
INSERT INTO order_items values(12,208);
INSERT INTO order_items values(12,185);
INSERT INTO order_items values(12,6);
INSERT INTO order_items values(12,93);
INSERT INTO order_items values(12,165);
INSERT INTO order_items values(13,264);
INSERT INTO order_items values(13,174);
INSERT INTO order_items values(13,278);
INSERT INTO order_items values(13,399);
INSERT INTO order_items values(13,72);
INSERT INTO order_items values(13,120);
INSERT INTO order_items values(13,13);
INSERT INTO order_items values(13,380);
INSERT INTO order_items values(13,119);
INSERT INTO order_items values(13,107);
INSERT INTO order_items values(13,309);
INSERT INTO order_items values(13,191);
INSERT INTO order_items values(13,150);
INSERT INTO order_items values(13,318);
INSERT INTO order_items values(13,15);
INSERT INTO order_items values(13,258);
INSERT INTO order_items values(13,374);
INSERT INTO order_items values(13,323);
INSERT INTO order_items values(13,331);
INSERT INTO order_items values(13,353);
INSERT INTO order_items values(14,151);
INSERT INTO order_items values(14,156);
INSERT INTO order_items values(14,400);
INSERT INTO order_items values(14,195);
INSERT INTO order_items values(14,85);
INSERT INTO order_items values(14,180);
INSERT INTO order_items values(14,362);
INSERT INTO order_items values(14,246);
-- INSERT INTO order_items values(14,0);

INSERT INTO order_items values(14,378);
INSERT INTO order_items values(14,227);
INSERT INTO order_items values(14,200);
INSERT INTO order_items values(14,242);
INSERT INTO order_items values(14,92);
INSERT INTO order_items values(14,204);
INSERT INTO order_items values(14,152);
INSERT INTO order_items values(14,267);
INSERT INTO order_items values(14,273);
INSERT INTO order_items values(14,250);
INSERT INTO order_items values(14,234);
INSERT INTO order_items values(15,352);
INSERT INTO order_items values(15,327);
INSERT INTO order_items values(15,283);
INSERT INTO order_items values(15,17);
INSERT INTO order_items values(15,23);
INSERT INTO order_items values(15,382);
INSERT INTO order_items values(15,387);
INSERT INTO order_items values(15,87);
INSERT INTO order_items values(15,83);
INSERT INTO order_items values(15,52);
INSERT INTO order_items values(15,293);
INSERT INTO order_items values(15,252);
INSERT INTO order_items values(15,24);
INSERT INTO order_items values(15,366);
INSERT INTO order_items values(15,348);
INSERT INTO order_items values(15,307);
INSERT INTO order_items values(15,392);
INSERT INTO order_items values(15,187);
INSERT INTO order_items values(15,326);
INSERT INTO order_items values(15,203);
INSERT INTO order_items values(16,379);
INSERT INTO order_items values(16,194);
INSERT INTO order_items values(16,51);
INSERT INTO order_items values(16,270);
INSERT INTO order_items values(16,55);
INSERT INTO order_items values(16,166);
INSERT INTO order_items values(16,70);
INSERT INTO order_items values(16,131);
INSERT INTO order_items values(16,333);
INSERT INTO order_items values(16,177);
INSERT INTO order_items values(16,22);
INSERT INTO order_items values(16,53);
INSERT INTO order_items values(16,248);
INSERT INTO order_items values(16,111);
INSERT INTO order_items values(16,371);
INSERT INTO order_items values(16,25);
INSERT INTO order_items values(16,102);
INSERT INTO order_items values(16,34);
INSERT INTO order_items values(16,71);
INSERT INTO order_items values(16,395);
INSERT INTO order_items values(17,303);
INSERT INTO order_items values(17,275);
INSERT INTO order_items values(17,80);
INSERT INTO order_items values(17,221);
INSERT INTO order_items values(17,354);
INSERT INTO order_items values(17,364);
INSERT INTO order_items values(17,113);
INSERT INTO order_items values(17,358);
INSERT INTO order_items values(17,64);
INSERT INTO order_items values(17,133);
INSERT INTO order_items values(17,36);
INSERT INTO order_items values(17,391);
INSERT INTO order_items values(17,58);
INSERT INTO order_items values(17,20);
INSERT INTO order_items values(17,244);
INSERT INTO order_items values(17,225);
INSERT INTO order_items values(17,35);
INSERT INTO order_items values(17,241);
INSERT INTO order_items values(17,345);
INSERT INTO order_items values(17,367);
INSERT INTO order_items values(17,2);
INSERT INTO order_items values(17,3);

